ProductionHouseID,ProductionHouseName
1,42
2,cosmopolitan film productions
3,binary films works
4,springroll entertainment
5,threepoint capital
6,visualizer film productions ltd.
7,prana animation studios
8,varsity pictures
9,michael white productions
10,saturn films
11,pearl street films
12,paramount players
13,yannix technology corp.
14,industry entertainment
15,argomedia production
16,tonik
17,archer street productions
18,lagniappe media
19,loofah productions
20,jklc productions
21,mednick productions
22,generation iron fitness network
23,aircraft pictures
24,chaumiane
25,curmudgeon
26,fuzzy door productions
27,c-span
28,team todd
29,vanishing angle
30,parkhouse pictures
31,pandemonium
32,departures film
33,toho-towa
34,marie coline films
35,astral films
36,private life productions
37,cinema city &amp; films co.
38,rhode island avenue
39,pukka films
40,cine plus
41,ceskoslovenská televize
42,magic light pictures
43,destination films
44,motion investment group
45,magnolia pictures
46,marv films
47,final cut for real
48,allied stars
49,unison films
50,ambi pictures
51,compound b
52,summerstorm entertainment
53,survival pictures
54,heyday films
55,palette pictures
56,rhamsa productions
57,aro entertainment
58,los angeles media fund
59,disarming films
60,h films
61,frisbeefilms
62,impact pictures
63,akkord film produktion gmbh
64,apelles entertainment
65,odu movies
66,cubevision
67,cinema group ventures
68,woestijnvis
69,one world films
70,primary wave entertainment
71,vice versa film
72,constantin film
73,adlabs films
74,viacom18 motion pictures
75,free association
76,group a flynn picture co.
77,studio b
78,amusement park films
79,carpe diem films
80,bkp film
81,bord cadre films
82,flying river films
83,supermarche
84,copenhagen film fund
85,brillstein-grey entertainment
86,nordisk film &amp; tv-fond
87,cinedigm
88,casey silver productions
89,s3 entertainment group
90,jim henson productions
91,pandora
92,embassy international pictures
93,hunting lane
94,skyline films
95,hidden empire film group
96,eone entertainment distribution
97,safady entertainment
98,battle royale prod. committee
99,troika pictures
100,universal international pictures
101,fgm entertainment
102,pantaleon films
103,lord miller
104,lbi productions
105,stepping stone productions
106,la banque postale images 5
107,tuff gong pictures
108,ufund
109,kanadé films
110,stardust pictures
111,winger
112,rook films
113,illuminata pictures
114,clap board production
115,ladd company
116,little mama
117,ian bryce
118,kate street picture company
119,bullet pictures
120,dpp
121,benattar/thomas productions
122,sf studios production ab
123,md pictures
124,canal+
125,thura film a/s
126,catalyst global media
127,angel films a/s
128,ab svensk filmindustri
129,scope pictures
130,tiger tiger pictures
131,producers releasing corporation
132,revolution films
133,homegrown pictures
134,wild bunch
135,indie dvd
136,eos entertainment
137,integral film
138,decibel films
139,baumgarten
140,les films pelleas
141,pandora filmproduktion
142,film colony
143,foresight unlimited
144,mini film
145,look to the sky films
146,bnp paribas fortis film fund
147,lightworkers media
148,sun pictures
149,sanzigen animation studio
150,wanda media co.
151,aurora alliance films
152,nicki slimting films
153,savage productions
154,altimeter films
155,beijing united mighty movie and cukture co.
156,pan européenne production
157,emilio films
158,freestyle picture company
159,cinécinéma
160,toonbox entertainment
161,lionsgate
162,pikachu project &#39;99
163,york
164,niccol films
165,out of the blue... entertainment
166,stanley kubrick productions
167,gambit pictures
168,nwave pictures
169,gramercy pictures
170,punisher productions
171,fabrique d&#39;images
172,amblin entertainment
173,otmoor productions limited
174,film 44
175,iron ocean films
176,film farms
177,cinesurya pictures
178,shout! factory
179,colgems productions limited
180,jon shestack
181,gulfstream pictures
182,10 west studios
183,pontchartrain
184,whitefalk films
185,nostromo pictures
186,1428 films
187,irish film board
188,balaji motion pictures
189,movie world
190,broadcasting commission of ireland
191,house of spirits film
192,phase 1 productions
193,film-clinic
194,universal/universal int
195,film kraft
196,pathé cinéma
197,gk films
198,bona fide productions
199,haxan films
200,autumn pictures
201,neal h. moritz productions
202,nan
203,sony pictures releasing international
204,night and day pictures
205,emperor classic films
206,two weeks
207,nba entertainment
208,equity pictures medienfonds
209,conspiracy factory
210,syncopy
211,asymmetrical productions
212,zaftig films
213,capitol films
214,asia union film &amp; entertainment ltd.
215,engine film inc.
216,sp
217,daniel l. paulson productions
218,ktf films
219,arte france cinema
220,intrepid pictures
221,gdh 559
222,modern people
223,fu works
224,wayan bros. entertainment
225,american zoetrope
226,himenóptero
227,clubhouse pictures (ii)
228,library films
229,palmstar media
230,camp sugar
231,8:38 productions
232,cold spring pictures
233,les films du fleuve
234,bob film sweden ab
235,waypoint entertainment
236,amuse films
237,it&#39;s alot productions
238,roas produzioni
239,ben-ami/leeds productions
240,katira productions gmbh &amp; co. kg
241,ink factory
242,silverwood films
243,ghoulardi film company
244,film victoria
245,mantar film
246,cave 76
247,joint effort
248,evergreen studios
249,les productions rené goscinny
250,mark sourian
251,kansai television co. ltd.
252,xflag
253,bavaria film
254,gmm tai hub (gth)
255,this is that productions
256,anton capital entertainment
257,rakontur
258,motlys
259,underground films
260,honora
261,iconoclast
262,kinology
263,lego system a/s
264,trancas international films inc.
265,madhouse productions
266,abominable pictures
267,pathé entertainment
268,razor film produktion gmbh
269,chris brinker productions
270,national arts films production
271,uni étoile 8
272,en compagnie des lamas
273,lodger films
274,ilshin investment co.
275,firewatch
276,hofflund/polone
277,standard film company inc.
278,sisterhood productions
279,redwave films
280,beagle pug films
281,artbox
282,lbi entertainment
283,memento films
284,ace pictures entertainment
285,ltd.
286,doubleyou inc.
287,anagram
288,dox productions ltd
289,rat entertainment
290,side street post
291,causeway films
292,asmik ace entertainment
293,initiate productions
294,ia films
295,film 4
296,theatrical arts international
297,over under media
298,beacon communications
299,british film institute
300,peripheria productions
301,namibia film commission
302,basic pictures
303,sunny sounds
304,akira committee company
305,dreamworks
306,columbia pictures corporation
307,sunset park pictures
308,beta film gmbh
309,david brown productions
310,polygon pictures
311,telefónica producciones s.l.u.
312,walt disney productions
313,mandalay sports media
314,fries film group
315,bazmark films
316,australian film finance corporation
317,related pictures
318,revelations entertainment
319,riche productions
320,phantom films
321,pie films
322,submarine entertainment
323,wyolah films
324,informant media
325,film workshop ltd.
326,coficup
327,battlefield productions llc
328,claussen &amp; woebke &amp; putz filmproduktion
329,film engine
330,reliance entertainment
331,motion picture capital
332,marvel enterprises
333,diamond docs
334,nu image
335,blue train productions
336,triangle film corporation
337,storyland pictures
338,the jim henson company
339,g&amp;g
340,opposite field pictures
341,5656 films
342,whole truth films
343,capital arts entertainment
344,maiden voyage films
345,ninjas runnin&#39; wild productions
346,imagi animation studios
347,archstone pictures
348,national film and video foundation of sa
349,screen australia
350,viva entertainment
351,imaginarium productions
352,tokuma shoten
353,gregory jacobs
354,141 entertainment
355,augusta films
356,lewis pictures
357,warner bros. japan llc
358,newgrange pictures
359,ingenious media
360,new black films
361,grf productions
362,sierra/affinity
363,site
364,ran entertainment
365,blue rider pictures
366,eagle rock film productions
367,addictive pictures
368,strong foundation films
369,20th century fox pictures international
370,österreichischer rundfunk (orf) [at]
371,toei animation
372,la panda
373,rachael horovitz
374,jtp films
375,survivor productions
376,huayi brothers
377,filmax
378,aja/levasseur
379,rooks nest entertainment
380,united entertainment partners
381,cameron mackintosh
382,mod producciones
383,a plus image 2
384,alexander/mitchell productions
385,matt baer films
386,gaumont
387,sony pictures home entertainment
388,entertainment motion pictures (e-motion)
389,italian international film
390,metro-goldwyn-mayer
391,fun academy motion pictures
392,sherwood pictures
393,village roadshow entertainment
394,crime scene pictures
395,spring films
396,disruption entertainment
397,solar productions
398,elipsis capital
399,tondero films
400,north star pictures
401,tinres entertainment
402,nfp marketing &amp; distribution
403,corrino
404,lorenzo di bonaventura
405,hal lieberman co.
406,enelmar productions
407,jack giarraputo productions
408,thunder road productions
409,mad max films
410,fine &amp; mellow
411,washington square films
412,eh-okay productions
413,robotproof
414,magnet releasing
415,aldamisa entertainment
416,atmosphere entertainment mm llc
417,yomiuri telecasting corporation
418,live entertainment
419,cinequanon co.
420,cofinova 6
421,chatrone
422,littlestar
423,hachette première
424,shuman co.
425,crystal sky
426,production media films
427,tsl entertainment
428,definition films
429,shaolin temple culture communication
430,bill block media
431,blazing griffin
432,michael de luca
433,our house films
434,w9
435,plunge pictures llc
436,blumhouse
437,paul hall
438,motel movies
439,upload films
440,film art media
441,netflix
442,poison chef
443,capella films
444,everything is everything
445,nwr productions
446,la banque postale image 7
447,cine1 studios
448,nippon television network
449,film funding ltd. of canada
450,bavariapool international coproductions
451,retro-juice productions
452,duo art productions
453,yorktown productions
454,cocinor
455,relevant entertainment
456,primate pictures
457,potemkino
458,monte cristo entertainment
459,tripictures s.a.
460,zanuck/brown productions
461,headline pictures
462,goalpost pictures
463,intermedia film equities ltd.
464,red wagon productions
465,canadian government
466,savvy media holdings
467,ian bryce productions
468,playtone
469,code red
470,incendo productions
471,morgen studios
472,mélusine productions
473,roadside attractions
474,kinodanz
475,t.d. jakes ministries
476,macdonald-parkes
477,film fireworks production
478,beijing united power films
479,kyoto animation
480,game 7 films
481,21st century film corp.
482,rysher entertainment
483,screen media ventures
484,american work
485,shanghai film group
486,spartiate films
487,arcade
488,lightstream entertainment
489,fried films
490,harbor picture company
491,significant prods.
492,insurge pictures
493,crystal sky entertainment
494,green hat films
495,wonderland sound and vision
496,voo
497,further films
498,kevin mccormick
499,artomas communications
500,smts
501,polaris productions
502,reperage
503,kings road entertainment
504,3pas studios
505,yoodlee films
506,onda entertainment
507,maipo film
508,george litto pictures
509,famous players
510,22h22
511,bbc earth
512,cinequanon
513,tv tokyo
514,scope invest
515,reprisal films
516,quebec film and television tax credit
517,film base berlin
518,centre national de la cinématographie (cnc)
519,celador productions
520,wdr
521,bel air entertainment
522,palmstar media capital
523,andale pictures
524,atlantis film prods
525,snl studios
526,parting shots media
527,rainforest productions
528,two rivers pictures
529,axiom films
530,infinitum nihil
531,defynite films
532,ambi group
533,televisión española (tve)
534,mandeville pictures
535,the five star institute
536,nine yards productions llc
537,gerber pictures
538,via digital
539,radio télévision suisse romande
540,rastar films
541,larkhark films limited
542,wildgaze films
543,alphaville films
544,mike zoss productions
545,gravitas ventures
546,best medicine productions
547,mm2 entertainment
548,pico pictures
549,clean slate films
550,m6 films
551,walt disney company
552,film
553,battleplan productions
554,yashraj productions
555,ifc films
556,the ladd company
557,elite group enterprises
558,code black entertainment
559,title media
560,dharma productions
561,tps star
562,caviar films
563,worldstarhiphop
564,red wagon entertainment
565,grey water park productions
566,zebra
567,local production
568,arp sélection
569,david l. wolper productions
570,hartbeat productions
571,broadway video entertainment
572,barrandov studio
573,telegael
574,lilou films
575,shochiku films
576,magnolia project
577,mandalay entertainment
578,echo lake entertainment
579,lydiard films
580,forecast pictures
581,zephyr films
582,federico film
583,trust film
584,comedy central
585,automatik entertainment
586,ballinran entertainment
587,break thru films
588,petri entertainment
589,dualstar entertainment group
590,happy madison productions
591,studiocanal
592,treehouse films
593,greenlit productions
594,new normal productions
595,ocean films [es]
596,rome paris films
597,film-makers inc.
598,célestes images
599,hq marquee #1 productions
600,lw production
601,pictak
602,embankment films
603,westdeutscher rundfunk
604,fortis film fund
605,film i skåne
606,ocean park entertainment
607,ddy
608,kadokawa pictures
609,number 9 films
610,media talent group
611,ld entertainment
612,dos dudes pictures
613,one race productions
614,mpower pictures
615,little stranger inc.
616,white rock lake productions
617,vico films
618,tradewind pictures
619,stuber-parent
620,metro-goldwyn-mayer studios
621,studio swan
622,pranakorn films
623,centropolis entertainment
624,baby cow productions
625,motion picture corporation of america (mpca)
626,pow! productions
627,omega film
628,3 arts entertainment
629,walt disney pictures
630,the fyzz facility
631,powder hound pictures
632,cinematography committee apf
633,legendary pictures
634,houston king
635,canal plus image international
636,sony pictures classics
637,les productions artistes associés
638,kino swiat
639,kut films
640,hit the ground running
641,dodgeville films
642,mark canton
643,cinema service
644,seven bucks productions
645,radiant pictures
646,hitrecord films
647,rvk studios
648,identity films
649,capricci films
650,karé productions
651,studio ghibli
652,august entertainment
653,showtime
654,black sheep
655,advantage entertainment
656,delphi medien
657,ego film arts
658,pascal pictures
659,mayor entertainment
660,studio babelsberg
661,stranger than fiction
662,mazel productions
663,arp
664,offspring entertainment
665,after dark films
666,brace cove
667,little bird
668,school pictures
669,escobar films
670,disney india
671,dor film produktionsgesellschaft gmbh
672,priority pictures
673,manekino film
674,wiedemann &amp; berg filmproduktion
675,emi films ltd.
676,kaissar film
677,liveplanet
678,md entertainment
679,excellent film
680,coup d&#39;etat films
681,phantom four
682,lobell/bergman productions
683,process
684,rogue marble
685,le studio canal +
686,408 films
687,american movie classics
688,create nsw
689,climax films
690,jersey films
691,eclectic pictures
692,revolution studios
693,united plankton pictures
694,la trini
695,babelsberg film gmbh
696,outlaw productions
697,51k
698,tyler perry company
699,katalyst films
700,wanda pictures
701,eyeworks
702,django film
703,moxie pictures
704,backup films
705,les improductibles
706,stoller global solutions
707,samuel goldwyn films
708,run rabbit run media
709,film und medien stiftung nrw
710,superlative films
711,centre national de la cinematographie
712,aramid entertainment fund
713,animal logic
714,brad grey productions
715,demarest films
716,scott l. goldman
717,jesse films inc.
718,roger birnbaum productions
719,fangoria
720,weed road pictures
721,phoenix pictures
722,scott rudin productions
723,far hills pictures
724,hemdale film corporation [us]
725,uni etoile 6
726,american empirical pictures
727,b.h. finance c.v.
728,braven films
729,nickelodeon studios
730,26 films
731,sony pictures
732,jaguar bite
733,dos
734,mosaic
735,river road entertainment
736,rko pictures
737,iron horse entertainment
738,city light films
739,unigram
740,nikkatsu corporation
741,plum pictures
742,ska films
743,smokewood entertainment group
744,zentropa entertainments
745,sony pictures television
746,aniplex
747,new artists alliance
748,laika
749,oscilloscope laboratories
750,independent edge films
751,knit one
752,argyle enterprises
753,single berry
754,monumental pictures
755,awesomeness tv
756,august films
757,screen nsw
758,think big productions
759,guy walks into a bar productions
760,france 3 cinéma
761,anime network
762,tokai tv
763,muse entertainment enterprises
764,casa kafka pictures
765,resnick interactive development
766,cinema vehicle services
767,sunswept entertainment
768,storm vision entertainment
769,astute films
770,metrol technology
771,benderspink
772,red duck films
773,robert lawrence productions
774,pulido entertaiment corp
775,lira films
776,buffalo 8
777,prospect park
778,silesia film
779,kingsgate films
780,shochiku company
781,llc
782,louverture films
783,uk film and tv production co.
784,motorino amaranto
785,sonet film ab
786,dominion pictures corporation
787,illumination entertainment
788,spring pictures
789,teamworx television &amp; film gmbh
790,picrow
791,svensk filmindustri (sf) ab
792,golan-globus
793,forward films
794,zoetrope studios
795,donner/schuler-donner
796,kreo films fz
797,bac films
798,next entertainment inc.
799,ad hominem enterprises
800,nordisk film- &amp; tv-fond
801,blue sky films
802,hypnotic
803,tea shop &amp; film company
804,sc films international
805,ombra films
806,sweet home la película a.i.e
807,ramaco media 1
808,castel film studio
809,morgan creek entertainment
810,aggregate films
811,trilight entertainment
812,sculptor media
813,svenska filminstitutet
814,marvel entertainment
815,mirage enterprises
816,worldview entertainment
817,electric kinney
818,reach media tv
819,morningside worldwide s.a.
820,b&amp;t film
821,dolphin films
822,the kushner-locke company
823,sparkefilms history design
824,pacific standard
825,ske-dat-de-dat productions
826,fantefilm
827,deep blue pictures
828,voltage pictures
829,sandrew metronome
830,pixar animation studios
831,film i väst
832,zhiv
833,osiris film and entertainment
834,the medina company
835,rodar y rodar cine y television
836,im global
837,absurda
838,furst films
839,blue tulip
840,n279 entertainment
841,zanuck company
842,twopoundbag productions
843,y production
844,what else? b.v.
845,entertainment one
846,les films du lendemain
847,hbo documentary films
848,stellanova film
849,sil-metropole organisation
850,ambience entertainment
851,la canica films
852,vortex sutra
853,fidélité productions
854,piki films
855,campfire
856,bait films
857,through films
858,maverick films
859,equinoxe films
860,andrew lauren productions
861,saban brands
862,banque populaire images 8
863,blueprint pictures
864,senator film produktion
865,alliance
866,modoc spring
867,brood syndicate
868,maverick entertainment
869,callahan filmworks
870,head gear films
871,bow and arrow entertainment
872,millstreet films
873,panda
874,sobras international pictures
875,kn filmcompany
876,troublemaker studios
877,forthcoming films
878,state run films
879,stx films
880,bregman/baer productions
881,new vision films
882,playtime
883,tapestry films
884,easy company
885,two 4 the money media
886,filmart kft
887,les films velvet
888,b.i.m.
889,village studios
890,smoking gun productions
891,vans off the wall
892,rectangle productions
893,face productions
894,1492 pictures
895,hercules film fund
896,kaos theory entertainment
897,anarchos productions inc.
898,great wight
899,big talk
900,salem street entertainment
901,kindred spirit
902,loki films
903,blackmrkt
904,raimi productions
905,encore films
906,two flints
907,paws inc.
908,children&#39;s television workshop (ctw)
909,shin cine communications
910,lucent pictures entertainment
911,straight up films
912,wellington films
913,new regency pictures
914,winkler films
915,valhalla motion pictures
916,film power company limited
917,goldcrest films international
918,thelma films
919,anglo enterprises
920,im3 entertainment
921,eros international film productions
922,alliance media partners
923,film production agency
924,buena vista (walt disney)
925,splendid medien ag
926,digital domain
927,daiei motion picture company
928,the be phat motel film company
929,animationsfabrik
930,aamir khan productions
931,sidus corp.
932,leverage
933,120 films
934,goldrush entertainment
935,azari media
936,capella international
937,4 mecs à lunettes production
938,jack &amp; henry prods./killer films
939,united artists
940,el deseo s.a.
941,darkfibre entertainment ltd.
942,the malpaso company
943,many rivers
944,mirrorball films
945,cruise-wagner productions
946,atomic monster
947,topple productions
948,latitude productions
949,amazon studios
950,nippon herald films
951,terra film produktion
952,sacem
953,high
954,firdaus production
955,merchant ivory productions
956,cota films
957,entertainment 360
958,golden harvest company
959,betv
960,regency entertainment
961,l&#39;office federal de la culture
962,mediastram film
963,natant
964,toei company
965,the kennedy/marshall company
966,fox animation studios
967,square enix company
968,bojon films company
969,cartoon filmproduktion berlin
970,working films
971,dylan sellers zadan
972,montecito picture company
973,pariah films
974,metro communications
975,united productions
976,transfilm
977,viacom 18 motion pictures
978,kyta productions
979,saul zaentz company
980,new crime productions
981,second stix films
982,b.d.s. productions inc
983,spike co. ltd.
984,passion pictures
985,film house germany
986,thirrupathi brothers film media pvt. ltd
987,production ip
988,largo entertainment
989,mas films
990,compagnia cinematografica champion
991,fridthjof film
992,film afrika worldwide
993,four by two films
994,bluegrass films
995,yard entertainment
996,km culture
997,toei animation company
998,rai cinema
999,comix wave
1000,alloy entertainment
1001,periscope entertainment
1002,toma 78
1003,montford murphy
1004,moby dick films
1005,grive productions
1006,liddell entertainment
1007,taylor &amp; dodge
1008,deutsche columbia pictures film prod.
1009,studios idefix
1010,ml delphi premier productions
1011,euro international film (eia) s.p.a.
1012,reveal entertainment
1013,vestron pictures
1014,signature entertainment
1015,filmko films
1016,goldsmith-thomas productions
1017,shawn danielle production services
1018,parallel film productions ltd.
1019,marlboro road gang
1020,jk film
1021,cinema city film productions
1022,entity3
1023,china star entertainment
1024,parkside pictures
1025,ecosse films
1026,muskat filmed properties
1027,mtl maxfilm
1028,usa films
1029,lotus productions
1030,indy entertainment
1031,dej productions
1032,python (monty) pictures limited
1033,tandem films
1034,golden way films
1035,schmidtz katze filmkollektiv
1036,filbert steps
1037,mediacorp raintree pictures
1038,exclusive films
1039,golden mean
1040,koty films
1041,conglomerate media
1042,rpm media
1043,finecut
1044,universal entertainment
1045,team downey
1046,yleisradio
1047,fire axe pictures
1048,see-saw films
1049,killer films
1050,asghar farhadi
1051,native pictures pro.
1052,highland film group
1053,shanghai bona cultural media
1054,star thrower entertainment
1055,bedlam pictures
1056,holleran company
1057,frontline
1058,beijing jingxi culture &amp; tourism company
1059,hollywood pictures
1060,fruitmarket kultur und medien
1061,olympus pictures
1062,kia jam
1063,saj
1064,videovision entertainment
1065,zed filmworks
1066,dream genie pictures
1067,burk a project
1068,rapid heart pictures llc
1069,mwm studios
1070,8180 films
1071,darren star
1072,shueisha
1073,30west
1074,meron weston pictures
1075,dark castle entertainment
1076,gold circle films
1077,kopelson entertainment
1078,21 laps entertainment
1079,pen movies
1080,reconstruction pictures
1081,double nickel entertainment
1082,goodwin sports
1083,beijing enlight pictures co.
1084,anchor bay films
1085,signature pictures
1086,haven entertainment
1087,grand slam productions
1088,pimienta films
1089,department of motion pictures
1090,01 distribution
1091,miso film
1092,moviola film och television ab
1093,rhône-alpes cinéma
1094,compulsion inc.
1095,cre film
1096,studio babelsberg independents [de]
1097,fobic films
1098,brian grazer
1099,10twentyeight
1100,appian way
1101,scion films
1102,be gentlemen limited partnership
1103,walden media
1104,holiday hill farm
1105,mrb productions
1106,alebrije cine y video
1107,ugc distribution
1108,rogue pictures
1109,knockonwood
1110,hard eight pictures
1111,franklin/waterman prod.
1112,envision entertainment
1113,studio 37
1114,a-company filmproduktion
1115,saint sébastien froissart
1116,tf1 films productions
1117,marvel films
1118,chromosom filmproduktion
1119,fabrica
1120,benelux film distributors
1121,violator films
1122,beta cinema
1123,glacier films
1124,ciné tamaris
1125,buffalo 8 productions
1126,relativity
1127,edko films
1128,les cinémas de la zone
1129,skydance productions
1130,mad ghost productions
1131,wayne rice
1132,stick figure productions
1133,cubicle
1134,les films séville
1135,vega investments
1136,the kl line
1137,venture forth
1138,foxfield entertainment
1139,pixion studio
1140,nook lane entertainment
1141,baby mugs films
1142,independent pictures
1143,standard deviations
1144,subotica entertainment
1145,miramax films
1146,thunder road film
1147,the orchard
1148,auvergne-rhône-alpes cinéma
1149,leone film
1150,dog eat dog films
1151,tucker tooley entertainment
1152,orange studio
1153,attica film company
1154,walt disney animation
1155,fangoria films
1156,tristar pictures
1157,holly wiersma
1158,caliber media company
1159,matador pictures
1160,oxwich media
1161,beijing shengshi huarei film investment &amp; management co.
1162,tai entertainment
1163,kungfuman culture media
1164,hawk films
1165,jc group international
1166,first run features
1167,cathay organization
1168,the penguin empire
1169,dwarakish chitra
1170,actual films
1171,rockaway films
1172,the asylum
1173,forge
1174,kargo production
1175,patriot pictures
1176,a-1 pictures
1177,lion rock films
1178,caviar
1179,the ink factory
1180,les films du losange
1181,mxn entertainment
1182,mmg film &amp; tv production
1183,genco
1184,bridgegate pictures
1185,smithrowe entertainment
1186,lucas &amp; moore
1187,tbs television
1188,apaches entertainment
1189,chris morgan productions
1190,australian broadcasting corp
1191,red hour films
1192,sahamongkolfilm co. ltd.
1193,mediaworks
1194,experimental forest films
1195,class 5 films
1196,hollywood media bridge
1197,wt²
1198,steamroller productions
1199,image organization
1200,summit entertainment
1201,conundrum entertainment
1202,sf norge a/s
1203,olga-film gmbh
1204,troll court entertainment
1205,sony music
1206,manny o productions
1207,playtone productions
1208,figment films
1209,france 2 cinema
1210,condé nast entertainment
1211,denver and delilah productions
1212,lucky red
1213,hwy 61 films
1214,filmové studio gottwaldov [cshh]
1215,snd
1216,mcmc
1217,scarlet films
1218,nordisk film distribusjon as
1219,provident films
1220,egg pictures
1221,simba entertainment
1222,shukovsky english
1223,ape&amp;bjørn as
1224,reel fire entertainment
1225,ariescope pictures
1226,xi&#39;an film studio
1227,sly predator
1228,inedit films
1229,lost highway productions
1230,steven reuther
1231,praesens-film
1232,blue sky studios
1233,mace neufeld productions
1234,goldwyn films
1235,win&#39;s film productions
1236,lawrence bender productions
1237,barwood films
1238,item 7
1239,vb pictures
1240,twisted pictures
1241,into the woods
1242,rink rat productions
1243,asian crush
1244,northern lights films
1245,media suits
1246,fuji television network inc.
1247,alliance entertainment
1248,algemene vereniging radio omroep
1249,lemon films
1250,tf1 droits audiovisuels
1251,reel fx animation studios
1252,double dare you
1253,canton company
1254,oren peli
1255,sony classical
1256,eros international
1257,campbell grobman films
1258,davis entertainment
1259,media programme of the european union
1260,milky way image company
1261,syco entertainment
1262,rachel gardner films
1263,capcom
1264,national film finance corporation
1265,blackout productions inc.
1266,indigo film
1267,armian pictures
1268,media x international
1269,zipper bros films
1270,red hour productions
1271,raslan company of america
1272,rajshri productions
1273,the steve jaggi company
1274,matthew vaughn
1275,weinstein brothers
1276,marcy media films
1277,right of way films
1278,automatik
1279,blue eyes fiction
1280,relativity studios
1281,moovie the art of entertainment gmbh
1282,cg cinéma
1283,atresmedia cine
1284,inferno distribution
1285,terror inc.
1286,treasure company
1287,grazing goat pictures
1288,wild things
1289,hobby films
1290,evergreen media group
1291,infilm productions
1292,inflammable films
1293,circus king
1294,megafilm
1295,cinepost studios
1296,blind spot pictures oy
1297,galatée films
1298,trigon production
1299,42film
1300,la compagnie cinématographique
1301,stage 5 films
1302,nu boyana film studios
1303,jvc entertainment
1304,clear pictures entertainment
1305,cranium entertainment
1306,curoholdings
1307,ebonylife films
1308,duncan kenworthy
1309,de angeles films
1310,double a films
1311,harimao pictures
1312,gloria sanchez productions
1313,soprofilms [fr]
1314,like mike productions
1315,the
1316,keep your head
1317,highway 61
1318,chunqiu time co.
1319,third eye productions
1320,goldenring productions
1321,stephen woolley
1322,ellen m. krass productions
1323,nutmeg movies
1324,johan nijenhuis &amp; co
1325,biograf jan sverak
1326,quinta communications
1327,vice studios
1328,3311 productions
1329,jacmac films
1330,fortress features
1331,golden receiver
1332,sixtyfoursixty
1333,noujaim films
1334,el norte productions
1335,deepak nayar
1336,artemis rising films
1337,cold rock productions bc
1338,prana studios
1339,centre national de la cinématographie
1340,southern light films
1341,evamere entertainment
1342,arte
1343,swanford films
1344,proximus
1345,fine point films
1346,wayfare entertainment
1347,anurag kashyap films
1348,bavaria filmverleih und produktions gmbh
1349,qian yian international
1350,a-po films
1351,hopscotch features
1352,paper bark films
1353,zee studios
1354,mascot pictures corporation
1355,tokyo broadcasting system (tbs)
1356,a very good production inc.
1357,leslie iwerks productions
1358,wind dancer films
1359,celebrated productions
1360,cattleya
1361,little engine productions
1362,contrafilm
1363,r2 films
1364,produzioni europee associati
1365,overnight films
1366,bert marcus productions
1367,raygun productions
1368,wigram productions
1369,icon productions
1370,plan b films
1371,frakas productions
1372,sprockefeller pictures
1373,mainline pictures inc.
1374,smart entertainment
1375,fuji tv movie
1376,pacific pictures
1377,matt tolmach productions
1378,20th century fox
1379,pacific western
1380,redrum
1381,odeon films
1382,sincap productions
1383,creative films siam
1384,animal kingdom
1385,sirius pictures international
1386,united china vision
1387,czech anglo productions
1388,lynn peak productions
1389,tv2 danmark
1390,akn productions
1391,nut bucket films
1392,handmade films in norwegian woods as
1393,ways &amp; means
1394,mtv networks
1395,elsobky film
1396,wrap fund
1397,quadra entertainment
1398,splendid pictures
1399,porchlight films
1400,material pictures
1401,steve tisch company
1402,warner china film hg corporation
1403,m.g.films
1404,cloud atlas production
1405,tiger aspect pictures
1406,perfect weekend
1407,baltimore pictures
1408,hybrid
1409,zenith productions
1410,per holst filmproduktion
1411,syfy
1412,rainforest films
1413,verisimilitude
1414,hands-on producers
1415,virgin lands animated pictures
1416,lotus pictures
1417,spe films
1418,olm
1419,ceská televize
1420,sikelia productions
1421,logical pictures
1422,bullitt entertainment
1423,armzfx
1424,worldwide entertainment group
1425,hughes entertainment
1426,chez wam
1427,tollin/robbins productions
1428,matador film
1429,genesis studios
1430,téléfilm canada
1431,type a films
1432,jonathan schwartz/andrea sperling
1433,phoenix
1434,avalanche productions
1435,imprint entertainment
1436,premonition pictures
1437,code 39 films
1438,bcf film group
1439,first light production
1440,handle productions
1441,pelican point media
1442,partizan
1443,filmkompaniet
1444,mind in motion entertainment
1445,imperial entertainment
1446,red &amp; black films
1447,kasbah-film tanger
1448,republic
1449,fox atomic
1450,lorton entertainment
1451,nemperor
1452,andrea films
1453,broadview.tv gmbh
1454,apatow company
1455,fortunafilm
1456,fuji television network
1457,provenance pictures
1458,collina filmproduktion gmbh - münchen
1459,alliance cinema
1460,treasure entertainment
1461,doha film institute
1462,aperture entertainment
1463,raw
1464,europacorp
1465,dickhouse productions
1466,amasia entertainment
1467,vortex
1468,cecchi gori group tiger cinema
1469,monkeyboy gmbh
1470,bandito brothers
1471,film and music entertainment
1472,carousel
1473,jonathan krane group
1474,universal 1440 entertainment
1475,gama entertainment
1476,gaumont international
1477,universum film gmbh
1478,icelandic film corporation
1479,junction
1480,lifetime films
1481,film rites
1482,pony films
1483,jce entertainment ltd.
1484,mk2 productions
1485,good machine
1486,zingshot productions
1487,red 56
1488,mad hatter entertainment
1489,vpro television
1490,netter productions
1491,oriah entertainment
1492,ansgar media
1493,svt drama
1494,ufo international productions
1495,cadenza films b.v.
1496,umedia
1497,bavaria filmverleih- und produktions gmbh
1498,allen hughes
1499,goldenlight films
1500,gaga
1501,afterworks limited
1502,queensbury pictures
1503,wyc motions
1504,werner herzog filmproduktion
1505,the weinstein company
1506,mgm
1507,eric&#39;s boy
1508,stanley kramer company
1509,les films de la pléiade [fr]
1510,dune
1511,lin pictures
1512,deutschfilm gmbh
1513,plan c studios
1514,the film works
1515,seagal/nasso productions
1516,brillstein entertainment partners
1517,menuet producties
1518,before the door
1519,raindog films
1520,fox 2000 pictures
1521,j&amp;j jakubisko film
1522,athos films
1523,wild at art
1524,telepool
1525,tigerlily pictures llc
1526,blumhouse productions
1527,tequila gang
1528,giant pictures
1529,outerbanks entertainment
1530,universal pictures
1531,cathay asia films
1532,dos corazones films
1533,john gatins
1534,lightning entertainment
1535,monkeypaw productions
1536,radar films
1537,moonlighting
1538,premiere picture
1539,pasto
1540,perfect world pictures
1541,edward r. pressman film corp.
1542,anthem productions
1543,merced media partners
1544,scott free productions
1545,jrw entertainment
1546,parallel films
1547,gold star films
1548,dimension films
1549,rex entertainment
1550,a plus image 3
1551,random house films
1552,castle rock entertainment
1553,fundamental films
1554,miramax
1555,apipoulaï
1556,bbc worldwide
1557,evolution entertainment
1558,toho company ltd.
1559,south fellini
1560,pariah entertainment group
1561,r7 entertainment
1562,octagon films
1563,paramount pictures international
1564,colorado film
1565,bevan-fellner
1566,carolina bank
1567,showbox entertainment
1568,semilla verde productions
1569,genre company
1570,emperor multimedia group (emg) [hk]
1571,peters entertainment
1572,mandalay pictures
1573,enlight pictures
1574,my way entertainment
1575,trinity race
1576,sibling productions
1577,envision media arts
1578,simmian
1579,la wallonie
1580,salado media
1581,rkss
1582,kross pictures
1583,warner independent pictures
1584,brain power studio
1585,zenhq films
1586,wwe studios
1587,pro-family films
1588,avery pix
1589,kodansha ltd.
1590,di bonaventura pictures
1591,mandeville films
1592,titan productions
1593,arts council of england
1594,cruel and unusual
1595,linor documentary
1596,lansdown films
1597,human stew factory
1598,global screen
1599,highwayman films
1600,roxy films
1601,région nord-pas-de-calais
1602,darius films
1603,dr. t inc.
1604,midwestern films
1605,dna films
1606,tf1 international
1607,york square productions
1608,luke greenfield
1609,orange cinéma séries
1610,end cue
1611,hulu
1612,clinica estetico
1613,eight millimetres
1614,radical studios
1615,full moon cinema
1616,toothless pictures
1617,turner entertainment
1618,tribeca film center
1619,phars film
1620,adscott pictures
1621,gilbert films
1622,world of wonder
1623,permut presentations
1624,bbc films
1625,kinberg genre
1626,producers circle
1627,starz! encore entertainment
1628,alcor films
1629,sunlight productions
1630,bedford falls productions
1631,warner animation group
1632,asia releasing
1633,misfits entertainment
1634,young films
1635,lightstorm entertainment
1636,division films
1637,ten films
1638,das films
1639,excel entertainment
1640,radical media
1641,prime time
1642,beijing ya huan tv production company
1643,fugitive films
1644,black bear pictures
1645,knm
1646,lynch siderow productions inc.
1647,arise pictures
1648,sutor kolonko
1649,the combine
1650,gold/miller productions
1651,cbs films
1652,red bull media house
1653,harbinger pictures
1654,lieblingsfilm gmbh - münchen
1655,falcon films
1656,tmc ventes international
1657,big bug pictures
1658,persistent entertainment
1659,original headquarters
1660,chris meledandri
1661,mobra films
1662,hugo productions
1663,wildwood enterprises
1664,next weekend
1665,blackbird
1666,white hot productions
1667,city lights pictures
1668,el deseo
1669,fox film corporation
1670,omnilab media
1671,hanway films
1672,bet films
1673,shochiku
1674,tornasol films s.a.
1675,notorious pictures
1676,senorita films
1677,bingo movie development
1678,fear of god films
1679,wing and a prayer pictures
1680,borderline films
1681,zucker productions
1682,nicholas sparks productions
1683,silver screen pictures
1684,nirvana cinemas
1685,maipo film- og tv-produksjon as
1686,nickelodeon movies
1687,cinestate
1688,cinereach
1689,hepp film
1690,16:14 entertainment
1691,leverage entertainment
1692,blackbird productions
1693,mississippi gulf coast studios
1694,undisputed productions
1695,lieber films
1696,lumiere productions
1697,flynn picture company
1698,iris productions
1699,blind wink
1700,all rise films
1701,burn later productions
1702,stillking films
1703,riverstone pictures
1704,dream team films
1705,craven/cunningham/maddalena
1706,block/hanson
1707,chata pictures
1708,ultra
1709,free state pictures
1710,studio 100
1711,filmlance international ab
1712,stn-film
1713,spyglass entertainment
1714,mei ah films production co. ltd.
1715,feisty dame productions
1716,still rolling productions
1717,imperative entertainment
1718,palatine étoile 9
1719,cider mill pictures
1720,mark gordon productions
1721,fickle fish
1722,black kettle films
1723,tri-state pictures
1724,moorhead &amp; benson
1725,granada film productions
1726,screen gems
1727,good universe
1728,spring creek productions
1729,les films du 24
1730,crave films
1731,slb films pvt. ltd.
1732,blinder films
1733,mestiere cinema
1734,orion pictures corporation
1735,brownstone productions
1736,first generation films
1737,stable way entertainment
1738,gravier productions
1739,locomotive
1740,filmnation
1741,weinstock productions
1742,resort road productions
1743,october films
1744,tailored films
1745,wayfarer entertainment
1746,constant c productions
1747,inferno pictures
1748,royal road entertainment
1749,a.f. cinema
1750,lovefilm international
1751,televisie radio omroep stichting (tros)
1752,cappa productions
1753,triggerfish animation studios
1754,avala film
1755,telepiù
1756,arc productions
1757,barking cow media group
1758,france télévision
1759,wtc productions
1760,cine-source
1761,stalker films
1762,freedom media
1763,staccato films
1764,tomorrow films
1765,lucernam films
1766,graniet film bv
1767,s films
1768,spikings entertainment
1769,reel fx creative studios
1770,indo-british
1771,sandcastle 5 productions
1772,beachside films
1773,pokeprod
1774,before the door pictures
1775,motto pictures
1776,mile high productions llc
1777,mutual film company
1778,affirm films
1779,guangxi film studios
1780,asmik ace
1781,harvest filmworks
1782,screen ireland
1783,imj entertainment
1784,herrick entertainment
1785,sidney kimmel entertainment
1786,2.4.7. films
1787,jackie &amp; jj productions
1788,cofinova 7
1789,castelao producciones s.a.
1790,saban films
1791,alameda films
1792,ariztical entertainment
1793,blue streak films
1794,leif films
1795,filmstudio
1796,harold greenberg fund
1797,astor pictures corporation
1798,historias cinematograficas cinemania
1799,a24
1800,oslo pictures
1801,evolution independent
1802,the bindery
1803,zide pictures
1804,apatow films
1805,imagemovers
1806,off line entertainment group
1807,crest animation productions
1808,leverage communications
1809,warner bros.
1810,point grey
1811,crow crow productions
1812,spiro films
1813,roxy films (germany)
1814,suzanne delaurentiis productions
1815,the cantillon company
1816,tv4 sweden
1817,moritz borman
1818,novel entertainment productions
1819,picture entertainment corporation
1820,sveriges television
1821,cruel and unusual films
1822,emblematic pictures
1823,julijette
1824,southern light
1825,22nd &amp; indiana
1826,cannon international
1827,the solution entertainment group
1828,bondit
1829,marvista entertainment
1830,sanai pictures
1831,ivan reitman
1832,jean doumanian productions
1833,paramount television
1834,dezenove som e imagem
1835,lions gate entertainment
1836,o entertainment
1837,france 4
1838,kind hearts entertainment
1839,fantastic films
1840,senator film produktion gmbh [de]
1841,radar pictures
1842,canal sur televisión s.a.
1843,uni etoile 4
1844,wigwam films
1845,komixx entertainment
1846,epicleff media
1847,época films
1848,front street pictures
1849,foundation features
1850,banque postale image 3
1851,film fund fuzz
1852,les films du dauphin
1853,primal foe productions
1854,brian witten pictures
1855,samuel goldwyn company
1856,vertigo entertainment
1857,global genesis group
1858,dawn&#39;s light
1859,valparaiso pictures
1860,kinonation
1861,beijing dragon garden culture &amp; art
1862,prescience
1863,stx entertainment
1864,boies/shiller films
1865,trio film
1866,utv communications
1867,new world
1868,studio canal international
1869,kendrick brothers
1870,senator entertainment
1871,link entertainment
1872,lipsync
1873,apple corps
1874,bagdasarian company
1875,imagination park entertainment
1876,wheelhouse
1877,film väst
1878,handsomecharlie films
1879,légende films
1880,bad hat harry
1881,bend it films
1882,medusa produzione
1883,halestorm entertainment
1884,good films
1885,cosmo films
1886,prodigal film &amp; tv
1887,mfp
1888,archer gray
1889,page 114
1890,skyline entertainment
1891,nagoya broadcasting network (nbn)
1892,el toro pictures s.l.
1893,mobius entertainment
1894,protagonist pictures
1895,sandollar productions
1896,island film group
1897,beijing yinmeng film &amp; tv art co.
1898,tigerlily films
1899,canal plus
1900,cnn films
1901,groundswell productions
1902,bandai visual co. ltd.
1903,q film productions
1904,malpaso productions
1905,mayhem pictures
1906,nouvelles éditions de films [fr]
1907,code entertainment
1908,zodiac productions inc.
1909,x-filme creative pool
1910,treehouse pictures
1911,kamala films
1912,new legacy
1913,dinovi pictures
1914,the picture company
1915,buena vista pictures
1916,chernin entertainment
1917,beaglepug
1918,union investment partners
1919,camasirhane
1920,columbia
1921,gth
1922,create entertainment
1923,bad badger
1924,propaganda films
1925,kennedy miller mitchell
1926,bondit media capital
1927,immersiverse
1928,crrav
1929,moviehouse entertainment
1930,another park film
1931,shtick film
1932,kevin downes
1933,kerner entertainment
1934,qed international
1935,win&#39;s entertainment ltd.
1936,friday filmworks
1937,film produkcja
1938,claussen &amp; putz filmproduktion
1939,columbia tristar nordisk film distributo
1940,extension 765
1941,trans-radial pictures
1942,pucara cine
1943,fox searchlight
1944,lost city productions
1945,warner bros. pictures international
1946,twentieth century fox
1947,gil netter
1948,moving pictures
1949,art linson productions
1950,aurum film
1951,seven arts pictures
1952,metro goldwyn mayer
1953,amazing
1954,sigma films
1955,a.g. films
1956,stage 6 films
1957,at-x
1958,big pictures
1959,wild ocean films
1960,chartoff winkler
1961,pop pop productions
1962,wish x movie
1963,arte france
1964,redrover co. ltd.
1965,parts &amp; labor
1966,rai fiction
1967,tv 1000
1968,quadrant pictures
1969,dino de laurentiis company
1970,ocean pictures
1971,kennedy miller productions
1972,utv
1973,artsploitation films
1974,lava bear films
1975,windmill lane pictures
1976,waverly films
1977,ecce films
1978,stopline films
1979,innisfree pictures
1980,northern ireland screen
1981,jerry weintraub productions
1982,double feature films
1983,streamline global group
1984,film inc.
1985,kôdansha
1986,horseshoe bay productions
1987,universal studios home entertainment
1988,elevated films
1989,nancy tenenbaum productions
1990,escape artists
1991,sampsonic media
1992,ratpac-dune entertainment
1993,tim burton
1994,imagination design works
1995,novo rpi
1996,transition studios
1997,storm king productions
1998,millennium films
1999,spanknyce films
2000,tripod media
2001,mazur / kaplan company
2002,ideal partners film fund
2003,kriarj entertainment
2004,morena films s.l.
2005,eketahuna llc
2006,atlantic swiss productions
2007,hedgehog films
2008,arcadia motion pictures
2009,cinerenta
2010,home box office (hbo)
2011,phantom 4 films
2012,few
2013,ram bergman
2014,new regency
2015,well go usa
2016,the bully project
2017,entre chien et loup
2018,bfi production
2019,star max
2020,parallel zide
2021,panay films
2022,ingenious senior film fund
2023,greencard pictures
2024,china film group corp.
2025,duplass brothers productions
2026,deuce three prods.
2027,village roadshow prod.
2028,bioscop
2029,duplass brothers
2030,spier films
2031,vaca films
2032,tadmor
2033,rational packaging company
2034,magnum
2035,eyeworks film &amp; tv drama
2036,metronome productions
2037,met film
2038,general film distributors
2039,kadokawa
2040,dongchuan international media
2041,highroad
2042,zodiac pictures international ltd.
2043,red turtle
2044,robert simonds productions
2045,boucan films
2046,cannon group
2047,rohfilm
2048,wwe films
2049,iron films
2050,huayi brothers &amp; taihe film investment
2051,media pro six
2052,cohesive entertainment group
2053,ivanhoe pictures
2054,ngn productions
2055,wildflowers llc
2056,warner bros. animation
2057,freemantle
2058,comet film
2059,raw nerve
2060,american entertainment
2061,mbst entertainment
2062,legendary entertainment
2063,truth and soul pictures
2064,start motion pictures
2065,winter&#39;s bone prods.
2066,a.i.e.
2067,sofica europacorp
2068,lightfuse &amp; gettaway
2069,maven pictures
2070,madriver pictures
2071,equipment &amp; film design
2072,entertainment value associates
2073,rocket pictures
2074,element pictures
2075,pts art&#39;s factory
2076,company films
2077,big talk pictures
2078,indochina productions
2079,northern lights entertainment
2080,maddock films
2081,rhone-alps films
2082,georgetown productions inc.
2083,chloe productions
2084,infinity entertainment
2085,27 films production
2086,guber-peters company
2087,divide / conquer
2088,wrigley pictures
2089,electric pictures
2090,mem-film
2091,big kid pictures
2092,tim burton animation co.
2093,interscope communications
2094,neue road movies
2095,centre images
2096,pandora cinema
2097,odra film
2098,flying bark productions
2099,karibufilm
2100,erfttal film
2101,cinema public
2102,moho film
2103,ripple world pictures
2104,exodus film group
2105,new amsterdam film company
2106,little punk
2107,hakuhodo incorporated
2108,apex entertainment
2109,sketch films
2110,colorado film production
2111,indiefilm
2112,dc entertainment
2113,hideaway pictures
2114,embargo films
2115,uni étoile 5
2116,cinepartners entertainment
2117,radiant productions
2118,cannell studios
2119,the mirabai films
2120,tapioca films
2121,rocklin/faust
2122,juliette films
2123,chaocorp
2124,rsvp production
2125,safran company
2126,arthur sarkissian productions
2127,ritchie/wigram
2128,media luna
2129,ttv productions
2130,mars films
2131,all girl productions
2132,jd prod
2133,cold iron pictures
2134,grindstone entertainment group
2135,fogma gmbh
2136,lleju productions
2137,chang hong channel film &amp; video
2138,black label media
2139,privateer pictures
2140,vertigo
2141,golden princess film production limited
2142,dovemead films
2143,2cfilm
2144,funny or die
2145,dream venture capital
2146,silver reel
2147,sunrise
2148,cine mosaic
2149,total helpart t.h.a.
2150,dark sky films
2151,nuyorican productions
2152,longfellow pictures
2153,beacon pictures
2154,mutant enemy
2155,ddp studios
2156,stone village productions
2157,mythology entertainment
2158,tremolo productions
2159,cartoon saloon
2160,pegasus motion pictures
2161,imax corporation
2162,new redemption
2163,china film company limited
2164,touchy feely films
2165,afilms
2166,principato-young entertainment
2167,riza aziz
2168,requiem for a dream llc
2169,forest whitaker&#39;s significant productions
2170,tax shelter film funding
2171,pathé pictures
2172,trigger street productions
2173,fondazione solares suisse
2174,revolt films
2175,harrison productions
2176,baf berlin animation  films
2177,shady acres entertainment
2178,broad green pictures
2179,paradox films
2180,likely story
2181,dreambridge films
2182,cinémage 2
2183,sterobcar productions
2184,svs films
2185,utv motion pictures
2186,suresh productions
2187,safehouse pictures
2188,mockingbird pictures
2189,price entertainment
2190,dino de laurentiis cinematografica
2191,cj entertainment
2192,sony pictures imageworks
2193,filmbuff
2194,perfect day films
2195,le tax shelter du gouvernement fédéral de belgique
2196,millar gough ink
2197,svenska biografteatern ab [se]
2198,american internat&#39;l pics
2199,american film productions
2200,bull pictures
2201,norsk filmfond
2202,vertigo films
2203,c-2 pictures
2204,northshore investments ltd.
2205,screenwest
2206,destro films
2207,goldfinch studios
2208,belgacom
2209,sean daniel company
2210,points west pictures
2211,eagle point production
2212,cbs
2213,dreamworks pictures
2214,fourth floor productions
2215,pastel
2216,filmline international
2217,jar pictures
2218,pelikulared
2219,edition video france ugc
2220,tkbc
2221,wrong men north
2222,zdf
2223,ares film
2224,block entertainment
2225,horror films
2226,norsk rikskringkasting
2227,universal cgi
2228,jolly film
2229,macari/edelstein
2230,ikiru films
2231,documentary group
2232,kroll &amp; co. entertainment
2233,huayi brothers media group
2234,france 2 (fr2)
2235,hoya productions
2236,also known as pictures
2237,scanbox entertainment
2238,ar films
2239,filmfour productions
2240,decubellis films
2241,guru animation studio
2242,vertical media
2243,geißendörfer film- und fernsehproduktion
2244,studio71
2245,meespierson film cv
2246,cristaldi film
2247,armor entertainment
2248,tba studios
2249,mystery clock cinema
2250,ishana movies
2251,waf productions
2252,waddieish claretrap
2253,arcola entertainment
2254,houston lady productions
2255,platinum dunes
2256,pritish nandy communications
2257,hybrid films
2258,agi orsi productions
2259,the mark gordon company
2260,madras talkies
2261,87eleven
2262,columbia pictures film production asia
2263,yale productions
2264,immortal entertainment
2265,tps company
2266,pad thai pictures
2267,little blair
2268,main journey
2269,norsk filminstitutt
2270,magnolia mae
2271,schmooze
2272,memfis film
2273,hutch parker entertainment
2274,4 1/2 film
2275,patagonik film group
2276,section 23
2277,illumination films
2278,duke media
2279,filmkameratene a/s
2280,fish head productions
2281,coppola company
2282,qwerty films
2283,production i.g.
2284,code of honor
2285,minds eye entertainment
2286,chic films
2287,autumn bailey entertainment
2288,surefire entertainment capital
2289,lloyd levin
2290,media asia films ltd. [hk]
2291,mattel
2292,shochiku co. ltd.
2293,don simpson/jerry bruckheimer films
2294,marvel studios
2295,press on features
2296,nebula star
2297,opus
2298,lionsgate films
2299,bold films
2300,the safran company
2301,chartoff productions
2302,universal pictures international
2303,a bigger boat
2304,niko film
2305,seine pictures
2306,deutsche film (defa)
2307,irish dreamtime
2308,andrew sugerman
2309,laurence mark productions
2310,taleswapper
2311,bayerischer rundfunk
2312,paris film productions
2313,icarus films
2314,spanglish media
2315,canadian film development corporation (cfdc)
2316,jorkwang films co.
2317,sogecine
2318,omega micott inc
2319,untitled entertainment
2320,triggerfish animation
2321,dignity film finance
2322,maddem films
2323,11 marzo film
2324,mtv films
2325,sandbar pictures
2326,red envelope entertainment
2327,page 1
2328,k/o paper products
2329,wide and handsome inc.
2330,apeitda
2331,jolie pas
2332,movie plus
2333,harpo films
2334,br petrobas
2335,easy there tiger
2336,brightlight pictures
2337,star sands
2338,proud films
2339,air bud entertainment
2340,sunday night
2341,odyssey film studios australia
2342,circle of confusion
2343,paul schiff
2344,john davis
2345,state street pictures
2346,orange pictures gmbh &amp; co. kg
2347,trimark
2348,shooting star filmcompany
2349,unltd productions
2350,canana films
2351,rose pictures
2352,sumatra films
2353,directv
2354,conor mcgregor sports &amp; entertainment
2355,epic productions
2356,view askew productions
2357,mark boal
2358,jerico
2359,armory films
2360,2.0 entertainment
2361,mongrel media
2362,blue ribbon content
2363,hub ho hin films
2364,golden harvest
2365,blackened
2366,centropolis film productions
2367,mr. mudd
2368,maple island films
2369,la cinéfacture
2370,bokomotiv freddy olsson filmproduktion
2371,practical pictures
2372,oz company ltd.
2373,dreamz unlimited
2374,sra productions
2375,eden rock media
2376,tempo productions limited
2377,hollow creek pictures
2378,mph
2379,xyz films
2380,constantin film international
2381,illusion entertainment
2382,wattpad
2383,gibraltar entertainment and production llc
2384,los producciones del escorpion
2385,sandstorm films
2386,snd films
2387,why not productions
2388,endgame entertainment
2389,imagine entertainment
2390,toei co. ltd.
2391,teamworx television &amp; film
2392,hamilton entertainment
2393,det danske filminstitutet [dk]
2394,sidestreet entertainment
2395,sixteen tons productions
2396,golden screen films
2397,the lot
2398,40 acres &amp; a mule filmworks
2399,nickelodeon
2400,spad films
2401,forensic films
2402,npv entertainment
2403,roshni dinaker productions
2404,oxymoron entertainment
2405,levantine films
2406,showbox
2407,filmnation entertainment
2408,blue-tongue films
2409,cardinalwood content
2410,egg films
2411,solofilms
2412,movie one entertainment
2413,joanne sellar
2414,amen ra films
2415,mad chance
2416,planet films
2417,pride of gypsies
2418,jalem productions
2419,work after midnight films
2420,lancom entertainment
2421,tvg
2422,jane balfour films
2423,section eight ltd.
2424,imperia
2425,believe entertainment
2426,reteitalia
2427,hirsch productions
2428,m prods
2429,perfect storm entertainment
2430,green light productions
2431,lucky bird pictures
2432,cartel pictures
2433,les films du carrosse
2434,madison 23
2435,pariah
2436,universal cartoon studios
2437,weston pictures
2438,codeblack films
2439,cinema city &amp; film company
2440,film manufacturers
2441,decia films
2442,black bicycle entertainment
2443,schiwago film gmbh
2444,tordjman levy bros
2445,electronic arts
2446,moving picture company
2447,alphacore
2448,les films du camelia
2449,virtual studios
2450,low spark films
2451,acacia filmed entertainment
2452,hamilton-mehta productions
2453,vanguard animation
2454,telewizja polska (tvp)
2455,royal viking entertainment
2456,assemblage entertainment
2457,gettin&#39; rad
2458,bandido brothers
2459,starstream entertainment
2460,procirep
2461,mark johnson
2462,brainstorm media
2463,dana lustig productions
2464,new sparta films
2465,culture entertainment co.
2466,studio trigger
2467,samson films
2468,carmel creek productions
2469,nikkatsu
2470,broken road
2471,m6 métropole télévision
2472,sp films limited
2473,transcendental pictures
2474,django films
2475,flèche productions
2476,national film trustee company
2477,enlightenment productions
2478,image entertainment
2479,closest to the hole
2480,deep blue pacific
2481,punch media
2482,lstar capital
2483,dexia
2484,plan b entertainment
2485,rob reiner/alan greisman
2486,craven-maddalena films
2487,apollo films ltd.
2488,sunset productions
2489,corporate world entertainment
2490,pingpongfilm
2491,warner bros. pictures
2492,windblown media
2493,sega corporation
2494,coram deo studios
2495,storyville films
2496,atlas films
2497,nickelodeon animation studios
2498,cannon films
2499,cine qua non films
2500,distilled media
2501,wowow inc.
2502,origin pictures
2503,divide/conquer
2504,kylin pictures
2505,ivory way productions
2506,splash entertainment
2507,bard entertainments ltd. [gb]
2508,weintraub entertainment group
2509,weimaraner republic pictures
2510,digital riot media
2511,wonderful films
2512,route one entertainment
2513,ingenious film partners
2514,earth film productions
2515,mediapro pictures
2516,linson entertainment
2517,goldmine productions
2518,filmsmith production &amp; management
2519,diablo entertainment
2520,diamant cohen productions
2521,fibonacci films
2522,yellow cottage a/s
2523,amuse
2524,alibaba pictures group
2525,redpeter film
2526,rhino films
2527,unique features
2528,belga productions
2529,corvus corax
2530,newman/tooley films
2531,k/w productions
2532,nick wechsler
2533,nordisk film production [dk]
2534,mighty engine
2535,fox star studios
2536,two ton films
2537,warner brothers/seven arts
2538,pacific bay entertainment canada
2539,porchlight entertainment
2540,lotte entertainment
2541,covert media
2542,hanna-barbera productions
2543,in-gear film
2544,nala films
2545,tokyo fm broadcasting company
2546,temple hill entertainment
2547,june pictures
2548,les films georges de beauregard
2549,pacific data images (pdi)
2550,blue star pictures
2551,don murphy/tom desanto
2552,itn productions
2553,burro productions
2554,electric dynamite
2555,cott productions
2556,neal street productions
2557,sofica manon 2
2558,sikelia
2559,shangri-la entertainment
2560,intertitle films
2561,chockstone pictures
2562,k&amp;j entertainment
2563,erftal film
2564,boll kg
2565,wy prods.
2566,foxtail entertainment
2567,primo filmes
2568,rk films
2569,new glory productions
2570,sidus
2571,night &amp; day pictures
2572,baby way
2573,tom desanto/don murphy
2574,cinelou films
2575,kaap holland film
2576,eastern sunrise films
2577,talent international media
2578,working title films
2579,deacon entertainment
2580,new deal productions
2581,filmpool nord
2582,24/7 films
2583,gizmo films
2584,blue ice pictures
2585,serendipity point films
2586,région ile-de-france
2587,la petite reine
2588,protozoa pictures
2589,bnjarmor
2590,netflix documentary
2591,vinyl films
2592,turman-morrissey company
2593,memfis film &amp; television [se]
2594,arenamedia
2595,marc platt productions
2596,aquarius films
2597,notorious films
2598,footprint features
2599,pictanovo
2600,tom cruise
2601,media blasters
2602,finestkind
2603,dania films
2604,bullwinkle studios
2605,neptun film
2606,lagniappe films
2607,booster project
2608,sogécinéma 2
2609,eskwad
2610,rickshaw filmworks
2611,dragonfly entertainment
2612,jurow-shepherd
2613,philipp filmproduction
2614,square enix
2615,vigilante film partners
2616,matchbox pictures inc.
2617,tribeca productions
2618,triton film
2619,event film distribution
2620,square peg
2621,basmati blues
2622,filmteknik
2623,flagship entertainment
2624,malek akkad
2625,fox international
2626,uno films
2627,ufilm
2628,friday x productions
2629,inwood road films
2630,siren pictures
2631,hunting lane films
2632,apartment story
2633,cinematograph a/s
2634,martin chase productions
2635,giant films
2636,stratus films
2637,a &amp; t entertainment
2638,argos films
2639,can i watch
2640,kimura productions
2641,samosa stories
2642,landmark production
2643,no ficción
2644,sbs productions
2645,vineyard point productions
2646,lotus entertainment
2647,wildside
2648,televisa s.a. de c.v.
2649,heller highwater productions
2650,omega project
2651,frat star production company
2652,harold hecht productions
2653,aegis film fund
2654,artisan entertainment
2655,emu creek pictures
2656,elektra entertainment group
2657,synchronicity films
2658,de milo
2659,radio télévision belge francofone (rtb)
2660,tokarev/hannibal
2661,lascaux films
2662,matila röhr productions (mrp)
2663,mandate pictures
2664,key pix productions
2665,london films
2666,apostle pictures
2667,film 360
2668,bad robot
2669,p.p.s. films
2670,electric city entertainment
2671,diversion pictures
2672,spectrevision
2673,woods entertainment
2674,franchise pictures
2675,vendian entertainment
2676,chi-fou-mi productions
2677,morena films
2678,emmett/furla films
2679,lyrick
2680,cinémage 6
2681,det danske filminstitut
2682,dragonfly
2683,cartier productions
2684,office fédéral de la culture
2685,millenium pictures
2686,river road
2687,fragile films
2688,france 3 (fr 3)
2689,camp/thompson pictures
2690,boy of the year
2691,bona film group
2692,pyramide productions
2693,atípica films
2694,eyeworks sweden
2695,skipstone pictures
2696,kinoproduction
2697,tunnel post
2698,talent international film cultural company
2699,relativity media
2700,bud yorkin productions
2701,frenesy film
2702,cerito films
2703,tin tin film
2704,two to tangle
2705,terz film
2706,our stories films llc
2707,douglas wick/lucy fisher
2708,reachfar films
2709,kramer &amp; sigman films
2710,show east
2711,kaleidoscope pictures
2712,house productions
2713,signature productions
2714,radio télévision belge francophone
2715,allegiance theater
2716,single cell pictures
2717,western stars films
2718,khalabo ink society
2719,gunpowder &amp; sky
2720,one race films
2721,american masters
2722,sony pictures networks
2723,artémis productions
2724,century fortune pictures
2725,thousand words
2726,barefoot films
2727,media rights capital (mrc)
2728,crossroads
2729,conan properties intl.
2730,eta films
2731,purple films
2732,viaocom18 motion pictures
2733,kanzaman
2734,lantia cinema
2735,public record
2736,aardman animations
2737,rainmaker entertainment
2738,de line pictures
2739,salon pictures
2740,ariane films
2741,twentieth century fox animation
2742,avrotros
2743,emperor film production
2744,larger than life
2745,fox
2746,sea change media
2747,pandora filmproduktion gmbh
2748,costa do castelo filmes
2749,seaside productions
2750,amiguetes entertainment
2751,vanguard
2752,guardian trust company
2753,weinstein company
2754,egérie productions
2755,emperor motion pictures (international)
2756,big book media
2757,rockworld
2758,jouror productions
2759,bandai
2760,drak film
2761,paradox studios
2762,jinks/cohen company
2763,inc.
2764,i remember productions
2765,tip top productions
2766,shogakukan-shueisha productions
2767,serena films
2768,vijayta films
2769,snee-oosh productions
2770,abs-cbn films
2771,nl film
2772,laura ziskin productions
2773,neunte babelsberg
2774,sycamore pictures
2775,jack rollins &amp; charles h. joffe productions
2776,international film investors
2777,soojak films
2778,topsail entertainment
2779,madhouse entertainment
2780,sonnenfeld josephson worldwide ent.
2781,rouge international
2782,natixis coficiné
2783,angoa-agicoa
2784,mangorange productions
2785,augenschein filmproduktion
2786,dmc film
2787,star cinema
2788,cinergi pictures entertainment
2789,mmc movies
2790,pdi
2791,film science
2792,awesomeness films
2793,regency enterprises
2794,keith barish productions
2795,no trace camping
2796,a band apart
2797,filmfour
2798,anvil films
2799,joel b. michaels productions
2800,ba entertainment
2801,new line cinema
2802,free range films
2803,british film company
2804,anil kapoor film company
2805,drishyam films
2806,mirage entertainment
2807,panache productions
2808,good deed entertainment
2809,ghost house pictures
2810,dmg entertainment
2811,alan landsburg productions
2812,counternarrative films
2813,the detective agency
2814,gold circle entertainment
2815,tf1
2816,uncorked productions
2817,myriad pictures
2818,tall trees productions
2819,little bear [fr]
2820,eldorado film
2821,joseph m. singer entertainment
2822,wayans alvarez productions
2823,koan films
2824,fairview entertainment
2825,platinum studios
2826,angel cake truth
2827,union générale cinématographique (ugc)
2828,super crispy entertainment
2829,mollywood
2830,shaw brothers
2831,cinémage 4
2832,gone north productions inc.
2833,oshima productions
2834,day 28 films
2835,pawan kumar studios
2836,filmförderungsanstalt
2837,sumitomo corporation
2838,purplegeko productions
2839,misher films
2840,bunya productions
2841,krannel pictures
2842,unstoppable entertainment
2843,qc entertainment
2844,showtime pictures
2845,company x
2846,yrf entertainment
2847,parkway productions
2848,egmont
2849,american film institute
2850,gadda five
2851,amuse animation
2852,turner pictures
2853,shiny penny productions
2854,the bubble factory
2855,defining
2856,oasis films
2857,katapult film
2858,cn film
2859,jack rollins and charles joffe
2860,mosaic media group
2861,kadokawa shoten publishing co.
2862,troy entertainment
2863,one two films
2864,def pictures
2865,thruline entertainment
2866,indian paintbrush
2867,i am other entertainment
2868,zucker brothers productions
2869,a. film
2870,trimark pictures
2871,fiona films
2872,amber entertainment
2873,gf studios ab
2874,general film corporation
2875,wild west picture show
2876,walt disney studios
2877,fido features
2878,celluloid dreams
2879,blue light
2880,cara films
2881,tms entertainment
2882,baa-ram-ewe
2883,golden port productions ltd. [hk]
2884,lorimar film entertainment
2885,uni étoile 7
2886,9.14 pictures
2887,mayank arts
2888,imohotep productions
2889,cowboy films
2890,efo films
2891,constantin film verleih
2892,big beach
2893,international video 80
2894,impact partners
2895,adam fields productions
2896,triad film works
2897,parabolic pictures
2898,slough pond
2899,keystone family pictures
2900,affluence movies
2901,london film production
2902,région haute-normandie
2903,sb projects
2904,provocator
2905,syncopated films
2906,liberator productions
2907,trans-cinema tv
2908,ce qui me meut motion pictures
2909,cinémage 7
2910,prip productions
2911,trinity entertainment
2912,corsan
2913,joel schumacher productions
2914,eurimages fund of the council of europe
2915,quat&#39;sous films
2916,films georges de beauregard
2917,carousel picture company
2918,paragon films ltd.
2919,castleberg productions
2920,willie&#39;s movies
2921,cine bazar
2922,bee holder productions
2923,columbia tristar
2924,noelle entertainment limited
2925,stars road entertainment
2926,lightbox pictures
2927,nine stories productions
2928,krautpack entertainment
2929,channel one russia
2930,slightly distorted productions
2931,newmarket capital group
2932,status media &amp; entertainment
2933,will vinton studios
2934,current entertainment
2935,telecinco cinema
2936,snoot entertainment
2937,huayi brothers pictures
2938,alternate ending studios
2939,imf
2940,dcg plus
2941,paulilu productions
2942,liberty films uk
2943,rumble entertainment
2944,ilion animation studios
2945,bron studios
2946,battle mountain films
2947,will packer productions
2948,xlrator media
2949,wanda films s.l.
2950,verenigde arbeiders radio amateurs (vara)
2951,gran via
2952,bfi film fund
2953,emerging pictures
2954,muse productions
2955,artists entertainment complex
2956,fade to black productions
2957,atlas entertainment
2958,shivhans pictures
2959,canal+ españa
2960,tsuburaya productions
2961,606 films
2962,mt media
2963,omeira studio partners
2964,custom productions
2965,zaltman film
2966,subzero film entertainment
2967,indie crush
2968,fiore films
2969,climax productions
2970,studio 4c
2971,steen herdel filmproduktion
2972,horizon films
2973,icon entertainment international
2974,iron sky universe
2975,film fund luxembourg
2976,maeday productions
2977,jobro productions &amp; film finance
2978,dévelopimage
2979,degeto film
2980,blade runner partnership
2981,odb films
2982,corner piece capital
2983,yunnan film group
2984,wingnut films
2985,andell entertainment
2986,evansgideon/lazar
2987,rastar productions
2988,living films
2989,industryworks pictures
2990,brookstreet pictures
2991,cn3 productions
2992,turbo productions
2993,saga film
2994,revolution
2995,darlow smithson productions
2996,endurance media
2997,touchstone pictures
2998,garlin pictures
2999,michael london productions
3000,red granite pictures
3001,gonzo
3002,rosetta productions
3003,kennedy/marshall
3004,triptych pictures
3005,barnholtz entertainment
3006,kataskop film
3007,automat pictures
3008,brothers dowdle
3009,american broadcasting company (abc)
3010,yong film
3011,creative scotland
3012,anonymous content
3013,film4
3014,b. subhash movie unit
3015,zhejiang golden globe picture co.
3016,cohen media group
3017,bleiberg entertainment
3018,henson alternative
3019,great point media
3020,central motion pictures corporation
3021,jacobson company
3022,j&amp;m entertainment
3023,blueprint productions
3024,pulse films
3025,abbolita productions
3026,rlj entertainment
3027,s.j. gibson films
3028,top drawer entertainment
3029,templeheart films
3030,the harvey boys
3031,films a2
3032,palomar pictures
3033,heritage films
3034,peregrine
3035,greenestreet films inc.
3036,synergics films
3037,lila production
3038,jorva entertainment productions
3039,hey eddie
3040,avi arad
3041,sirena film
3042,torridon films
3043,diamond pictures
3044,cimbria film ab
3045,shah/jensen
3046,mirisch company
3047,incorporated television company
3048,gaylord films
3049,dc comics
3050,signature films
3051,st paul film
3052,south creek pictures
3053,les films ariane
3054,sciapode
3055,picture shuru entertainment
3056,medusa
3057,perdido productions
3058,eddie murphy productions
3059,trilogy entertainment group
3060,taking lives films
3061,active entertainment
3062,lgm productions
3063,triple horse studios
3064,lakeshore international
3065,riviera films
3066,leeloo productions
3067,chubbco film co.
3068,square one entertainment
3069,round films
3070,crystal lake entertainment inc.
3071,birnbaum/barber
3072,farmhouse film &amp; tv
3073,martini films
3074,ankle sock &amp; baseball pants
3075,dogfish pictures
3076,ntv
3077,blank tape
3078,unified pictures
3079,weed road
3080,bristol automotive
3081,kino vision
3082,lawrence gordon productions
3083,a&amp;e television networks
3084,mediaset
3085,medienboard berlin-brandenburg
3086,fishcorb films
3087,just friends productions inc.
3088,making film
3089,joseph e. levine productions
3090,bfc berliner film companie
3091,chestermead
3092,mandragora
3093,india take one productions
3094,radicalmedia
3095,southpaw entertainment
3096,the hideaway entertainment
3097,pacifica film
3098,modest! management
3099,profil film
3100,candescent films
3101,etalon film
3102,shibata organisation inc. [jp]
3103,mark canton/gianna nunnari
3104,gateway films
3105,slap happy productions
3106,peacock film ag
3107,rising phoenix casting
3108,lighthouse pictures
3109,amazon studios/bleecker street media
3110,bank street films
3111,zhang yimou studio
3112,sak pasé films
3113,filmgate
3114,looksfilm
3115,sofica valor 6
3116,felicia film
3117,moxie firecracker films
3118,odd lot entertainment
3119,wind dancer productions
3120,digital interference productions
3121,tadross media group
3122,sunshine films florida
3123,rastar pictures
3124,téléma
3125,fourboys entertainment
3126,cinémage 5 développement
3127,région wallone
3128,pathé renn productions
3129,gracie films
3130,beverly detroit
3131,film council
3132,société de développement des entreprises culturelles (sodec)
3133,grey matter
3134,lipsync productions
3135,fandango
3136,rialto film
3137,gerard butler alan siegel entertainment
3138,filmové studio barrandov
3139,okofilm productions
3140,10 by 10 entertainment
3141,funimation entertainment
3142,busca vida filmes
3143,ylk
3144,vision film productions
3145,mark production
3146,newmarket productions
3147,perry
3148,rinkel film
3149,dcm productions
3150,art oko film
3151,the chimney pot
3152,2dux2
3153,edge city llc
3154,o2b films
3155,après le déluge
3156,mint pictures
3157,new visions pictures
3158,matt tolmach
3159,right hand man films
3160,as is productions
3161,sheen productions inc.
3162,monolith pictures
3163,busted shark
3164,weyunaegang productions
3165,elemental films
3166,point grey pictures inc.
3167,medusa film
3168,constantin film produktion
3169,verdi productions
3170,caneo films
3171,blackhall entertainment ventures
3172,my theater d.d.
3173,quaker oats company
3174,met film production
3175,detailfilm
3176,nitro circus media productions
3177,wiseau-films
3178,shirley road productions
3179,potboiler productions
3180,media rights capital
3181,sixteen films
3182,gramercy
3183,sneaky shark
3184,apatow productions
3185,seymour films
3186,indie rights
3187,centre du cinéma et de l&#39;audiovisuel de la fédération wallonie-bruxelles
3188,klasky-csupo
3189,discovery films
3190,motion picture corporation of america
3191,donners&#39; company
3192,silver lining entertainment
3193,the lloyd segan company
3194,lucasfilm ltd.
3195,vendôme production
3196,ghost pictures
3197,colour yellow pictures
3198,huoerguosi enlight media
3199,meridian broadcasting
3200,sss entertainment
3201,cyan films
3202,black rhino productions
3203,nadiadwala grandson entertainment
3204,reality entertainment
3205,4 ever perfect productions inc.
3206,black balance
3207,tf1 films production
3208,participant media
3209,parco film
3210,sara films
3211,eon productions ltd.
3212,recorded picture company (rpc)
3213,uv creations
3214,i&#39;ll be you productions
3215,joey mcfarland
3216,see theater network
3217,davis films
3218,blue ruin
3219,mdh
3220,boz productions
3221,marvel animation
3222,mkh
3223,bd cine
3224,overbrook entertainment
3225,focus world
3226,black dynamite films
3227,dark matter
3228,pvpictures
3229,artikulo uno productions
3230,ashutosh gowariker productions pvt. ltd.
3231,si litvinoff film production
3232,depth of field
3233,lailaps pictures
3234,ruby films
3235,sechzehnte babelsberg film
3236,samera entertainment
3237,dasym enetertainment
3238,versatil cinema
3239,regatta
3240,temple hill
3241,woss group film productions
3242,keystone pictures
3243,bwark productions
3244,jagged films
3245,echo films
3246,cab productions
3247,noel gay motion picture company
3248,antidote films
3249,três mundos produções
3250,karz entertainment
3251,ascension media
3252,dark water productions
3253,besiktas kültür merkezi (bkm)
3254,punch productions
3255,jigsaw productions
3256,jpg films
3257,im global film fund
3258,bobker/kruger films
3259,brandywine productions
3260,ixtlan corporation
3261,m6 films production
3262,imagica corp.
3263,nightwatch productions
3264,strike entertainment
3265,bobker / kruger films
3266,les productions du chicon
3267,bernie goldmann
3268,y3 film
3269,gg filmz
3270,snoot films
3271,boulderlight pictures
3272,2s films
3273,mandalay vision
3274,core prods. inc.
3275,amy robinson productions
3276,g-base
3277,les productions du ch&#39;timi
3278,spanky pictures
3279,caramel films
3280,studiocanal film
3281,piste rouge
3282,dark universe
3283,peter safran
3284,cinetel films
3285,banque postale image 4
3286,new world pictures
3287,rommel film
3288,mmc independent
3289,bridgnorth films
3290,columbia pictures
3291,silent hill 2 dcp
3292,electric entertainment
3293,plantain films
3294,barber-birnbaum
3295,hellflower film
3296,ten thirteen productions
3297,criterion collection
3298,china film
3299,cargo films
3300,strohberry films
3301,fresh tv
3302,falcon
3303,orly films
3304,fortis films
3305,bay films
3306,glass eye pix
3307,delaurentiis productions
3308,mattel playground productions
3309,das kleine fernsehspiel
3310,hard working movies
3311,mimran schur pictures
3312,unikorea pictures
3313,innowave limited
3314,sierra pictures
3315,shudder films
3316,next wednesday productions
3317,first movie company
3318,steelwork films
3319,luka
3320,belstone pictures
3321,thunder road pictures
3322,one hundred years of film co. ltd.
3323,tre vänner produktion ab
3324,bos bros. film &amp; tv productions
3325,silver nitrate pictures
3326,red chillies entertainment
3327,cheyenne enterprises
3328,emu films
3329,altavista entertainment group
3330,logolite entertainment
3331,left field ventures
3332,china film co-production corporation
3333,altitude film entertainment
3334,brio films
3335,nu boyana
3336,beijing new picture film co.
3337,hikari
3338,le vision pictures
3339,finola dwyer prods.
3340,duly noted inc.
3341,dargaud films
3342,manga films
3343,elara pictures
3344,studio canal
3345,parkes/macdonald
3346,shintoho company
3347,prettybird
3348,gambit
3349,horsepower entertainment
3350,shanghai film studio
3351,braveart films
3352,metropolitan
3353,movie tax shelter empowered by dexia
3354,attic light films
3355,les films marceau
3356,bandeira entertainment
3357,cuatro plus films
3358,sofica ugc 1
3359,gary sanchez productions
3360,prima linea productions
3361,big indie pictures
3362,sony pictures animation
3363,danmarks radio
3364,2entertain
3365,mica entertainment
3366,on animation studios
3367,filmone distribution
3368,tv2 norge
3369,pacific bay entertainment
3370,société nouvelle de cinématographie
3371,gravity pictures
3372,rhea films
3373,erebus pictures
3374,hérodiade
3375,hannibal pictures
3376,three ninjas japan inc.
3377,digic pictures
3378,film partner international
3379,2929 productions
3380,scott stuber
3381,les films de l&#39;etranger
3382,delirio films
3383,pacific film and television commission
3384,scared sheetless
3385,digital ignition entertainment
3386,gno media group
3387,geffen pictures
3388,rock island films
3389,showbox/mediaplex
3390,ex nihilo
3391,handwritten films
3392,simon fields productions
3393,blink wink
3394,american high
3395,garnet girl
3396,zide-perry productions
3397,pure flix entertainment
3398,impostor pictures
3399,brink creative
3400,sid &amp; marty krofft
3401,tmc
3402,media pro entertainment
3403,zanuck independent
3404,l.a. reid media
3405,oriental light and magic
3406,fried/woods films
3407,blumhansonallen films
3408,buffalo gal pictures
3409,contentino
3410,saga
3411,stanhaven productions
3412,sony pictures entertainment
3413,arc
3414,village roadshow pictures
3415,dharamsala
3416,sunrise vap
3417,the film department
3418,indigo films
3419,statement pictures
3420,dhx media
3421,starcrossed films
3422,selznick international pictures
3423,allied filmmakers
3424,kew media group
3425,madants
3426,films de force majeure
3427,rough house pictures
3428,thirteen productions llc
3429,kintop pictures
3430,necropia
3431,3dtk
3432,golden scene company limited
3433,public square films
3434,4 mecs en baskets
3435,herbx film gmbh
3436,vertical entertainment
3437,feigco entertainment
3438,img media
3439,daiei studios
3440,goodland pictures
3441,sonar entertainment
3442,olive bridge entertainment
3443,birchwood pictures
3444,dentsu
3445,grand showbiz media &amp; entertainment
3446,entertainment manufacturing co.
3447,charles chaplin productions
3448,xilam animation
3449,solution entertainment group
3450,cyprus avenue films
3451,cloud eight
3452,full house
3453,toho animation
3454,araba films
3455,simpson street
3456,forward pass
3457,texas chainsaw productions
3458,comedy central films
3459,vandertastic films
3460,paul thiltges distributions
3461,c.r.r.a.v. nord pas de calais
3462,pathé
3463,cannonball productions
3464,bavaria pictures gmbh münchen-geiselgasteig
3465,silvertongue films
3466,fuqua films
3467,pole star
3468,heyi pictures
3469,chiodo brothers productions
3470,claussen &amp; wöbke film production
3471,john wells productions
3472,godfrey entertainment
3473,debra martin chase
3474,lion rock productions
3475,annapurna pictures
3476,blinding edge pictures
3477,galavis film
3478,spy kids 4 spv
3479,pvr pictures ltd.
3480,blue creek pictures
3481,bbc
3482,fantastic factory (filmax)
3483,focus features
3484,empire film &amp; entertainment group
3485,orion pictures
3486,pathé productions inc.
3487,comme des cinémas
3488,saregama india
3489,max films productions
3490,burn later prods.
3491,lamp
3492,little shark entertainment gmbh
3493,the collective studios
3494,screen door
3495,pioneer pictures
3496,canal+ polska
3497,everyman pictures
3498,seasonal film corporation
3499,underworld entertainment
3500,friday four films inc.
3501,allison shearmur
3502,fundacja
3503,t-series
3504,bischoff hervey entertainment
3505,blue spirit animation
3506,apollomedia
3507,media max productions
3508,alvy productions
3509,subterranean productions llc
3510,hi-rez films
3511,star cinema productions inc. [ph]
3512,on the corner films limited
3513,the monk studio
3514,paramount vantage
3515,agora entertainment
3516,magna entertainment
3517,franklin entertainment
3518,jessamine productions
3519,hammer films
3520,pratt films
3521,dippermouth
3522,lucamar
3523,nexus factory
3524,kinepolis film distribution
3525,paramount
3526,labyrinthe films
3527,dreamscape
3528,starmaps productions
3529,code black films
3530,wcg entertainment productions
3531,video audio project
3532,chaocorp distribution
3533,frantic films
3534,crusader entertainment llc
3535,kamoli films
3536,bcdf pictures
3537,rich animation studios
3538,seven pictures
3539,lola&#39;s productions
3540,polygram filmed entertainment
3541,oak productions
3542,frequency films
3543,kanal 5
3544,tenth planet productions
3545,shôchiku broadcasting co.
3546,jaffe/braunstein films
3547,comedy partners
3548,pfaff &amp; pfaff productions
3549,renegade
3550,producer capital fund
3551,undisputed cinema
3552,welle entertainment
3553,senator international
3554,moonlighting films
3555,ratpac entertainment
3556,media for action
3557,reposado producciones
3558,antena 3 televisión
3559,bill/phillips
3560,isle of man film
3561,fox sports
3562,silver pictures
3563,parkville pictures
3564,hbo films
3565,chu studios
3566,d8
3567,zehnte babelsberg
3568,grade a entertainment
3569,benaroya pictures
3570,high octane pictures
3571,live nation productions
3572,talisman films
3573,severn screen limited
3574,original film
3575,hungarian national film fund
3576,solana films
3577,roast beef productions
3578,horsepower films
3579,carolco pictures inc.
3580,jerry bruckheimer films
3581,parc film
3582,hanfgarn &amp; ufer film und tv produktion
3583,camp grey
3584,secret hideout
3585,hit entertainment
3586,malpaso company
3587,sundream motion pictures
3588,vishal film factory
3589,james patterson entertainment
3590,paramount animation
3591,blackout entertainment
3592,mermaid films
3593,creado film
3594,defiant productions
3595,blacklab entertainment
3596,charming productions inc.
3597,ceskoslovenský státní film [cshh]
3598,beijing film studio
3599,zero one film
3600,above the line productions
3601,patchwork productions
3602,storyline entertainment
3603,cool industrie
3604,aperture media partners
3605,rideback
3606,rabbit bandini productions
3607,claudeismydog
3608,mutiny fx
3609,ulysses filmproduktion
3610,gfc general film corporation
3611,tyler perry studios
3612,alcon entertainment
3613,culture company
3614,ibid filmworks
3615,panorama films
3616,six mile hill productions
3617,pretty pictures
3618,shogakukan
3619,thefyzz
3620,morgan creek productions
3621,fastnet films
3622,paradis films
3623,southern light alliance
3624,keyfilm
3625,snowfort pictures
3626,blueeyes
3627,flower films
3628,majestic film
3629,defender films
3630,ocean blue entertainment
3631,aspen film society
3632,win&#39;s movie productions ltd.
3633,cinepolis producciones
3634,jeff rice films
3635,mwm
3636,hollywood gang
3637,italo/judeo productions
3638,gordon company
3639,rothkirch cartoon film
3640,giant ape media
3641,svensk filmindustri
3642,intermedia films
3643,blue sun pictures
3644,juno pix
3645,cutting edge entertainment
3646,color force
3647,riley turner productions
3648,the south australian film corporation
3649,josephson entertainment
3650,independent television service
3651,off the dock
3652,42 km film
3653,d.n. dream partners
3654,stoney lake entertainment
3655,alive films
3656,filmmaker r&amp;k
3657,open road
3658,sutter road picture company
3659,24c prod
3660,agitprop
3661,le pacte
3662,sunstar entertainment
3663,arte france cinéma
3664,greenroom entertainment
3665,belle pictures
3666,scooter braun films
3667,scarlet fire films
3668,tu vas voir productions
3669,gainex
3670,rko radio pictures inc.
3671,mdp worldwide
3672,konrad pictures
3673,hyperion pictures
3674,howard rosenman productions
3675,dot dot dot productions
3676,nijenhuis &amp; de levita film &amp; tv b.v
3677,r.p. productions
3678,our time projects
3679,unchain my heart louisiana
3680,polygon entertainment
3681,tonylyn productions inc.
3682,yellow bird
3683,9brains group
3684,fidélité films
3685,esperanto filmoj
3686,dino de laurentiis productions
3687,nordisk film
3688,animus films
3689,nu image films
3690,zhao wei films
3691,bell media
3692,warner brothers
3693,fable pictures
3694,wilco co. ltd.
3695,nvizible
3696,ponti
3697,pathé-renn productions s.a.s.
3698,junglee pictures
3699,national film development of india
3700,gizmo prods.
3701,room 101 inc.
3702,paradis film
3703,beatnik films
3704,sat.1
3705,pergamon film
3706,new amsterdam entertainment inc.
3707,hsi productions
3708,dark horse entertainment
3709,cinetic media
3710,quad productions
3711,filmwave
3712,luna pictures
3713,milky way image
3714,program pictures
3715,shaft productions ltd.
3716,cailleach productions
3717,kc medien ag
3718,nu image / millennium films
3719,detention films
3720,webstringers
3721,jerry media
3722,fanes film
3723,vinland productions canada inc.
3724,volya films
3725,vision iv
3726,le grisbi
3727,rtbf
3728,red crown productions
3729,industry pictures inc.
3730,high arc productions
3731,denizen pictures
3732,paradox pictures
3733,saville productions
3734,breakthrough entertainment
3735,yl pictures
3736,together films
3737,dreamworks animation
3738,kasper collin produktion
3739,the creative europe programme of the european unio
3740,yash raj films
3741,kino films
3742,ugc
3743,shoebox films
3744,banana-moon sky films
3745,warp films
3746,france 2 cinéma
3747,ealing studios
3748,riche-ludwig productions
3749,wildbear entertainment
3750,distressed films
3751,stuber pictures
3752,mmc independent gmbh
3753,bazelevs production
3754,mayday movies
3755,golden fish pictures
3756,mars film
3757,stx family
3758,shanghai ccn culture &amp; communication co.
3759,emmett/furla/oasis films
3760,czech tv
3761,alef film &amp; media group
3762,panorama entertainment
3763,solomon/hackett productions
3764,creative wealth media finance
3765,warner bros. records
3766,paul lister
3767,bullet films
3768,michael mann productions
3769,american cinema productions
3770,trademark films
3771,screen siren pictures
3772,ard degeto film
3773,hurwitz &amp; schlossberg productions
3774,forward movement
3775,eye candy films
3776,apaches films
3777,black and blu entertainment
3778,direct management group
3779,abs-cbn film productions
3780,tsg entertainment
3781,construction film
3782,crystal sky communications
3783,région auvergne
3784,revelator productions
3785,les chauves-souris
3786,allspark pictures
3787,elevated
3788,verdeoro
3789,darkwoods productions
3790,mann made films
3791,dreamworks skg
3792,bloomgarden films
3793,scanbox danmark
3794,nederlandse christelijke radio-vereniging (ncrv)
3795,vineyard
3796,park pictures
3797,enderby entertainment
3798,soul simple productions
3799,quick draw
3800,sparkle roll media
3801,1 billion strong network
3802,bloom
3803,paramount famous productions
3804,diana-film
3805,cherokee productions
3806,premiere entertainment group
3807,alpha group
3808,rollins-joffe productions
3809,south fork pictures
3810,out of africa entertainment
3811,neue constantin film
3812,les films alain sarde
3813,toledo productions
3814,vishal bhardwaj pictures pvt. ltd.
3815,brooksfilms
3816,tig productions
3817,tencent pictures
3818,samsa film
3819,melbar entertainment group
3820,black &amp; white productions
3821,animal logic entertainment
3822,grosvenor park productions
3823,latino public broadcasting
3824,vip 4 medienfonds
3825,roth films
3826,alcatraz films
3827,sterling productions
3828,arka mediaworks
3829,remstar productions
3830,atomic entertainment
3831,vanguard films production
3832,cine+
3833,globe studios
3834,zipfelmützen film gmbh &amp; co. kg
3835,studio dadashow
3836,outsider productions
3837,huzu productions
3838,cw productions
3839,animation picture company
3840,eurimages
3841,daniel grodnik productions
3842,unknown
3843,toho company
3844,reif entertainment
3845,mikros image
3846,coast to coast films
3847,haishang films
3848,exclusive media
3849,concord productions inc.
3850,dark arts
3851,viva films
3852,strada film
3853,les productions du trésor
3854,antena 3 films
3855,120db films
3856,triumph films
3857,kurtzman/orci
3858,sikhya entertainment
3859,bankside films
3860,globo filmes
3861,eastways productions
3862,studio soho films
3863,boxspring entertainment
3864,berg mandel schaffer
3865,viz media
3866,recorded pictures company
3867,partnership films
3868,michaels/goldwyn
3869,skyfilm studio ltd.
3870,taodue
3871,east reel films
3872,topkapi films
3873,imaginary forces
3874,egoli tossell film
3875,reno productions
3876,jadran film
3877,rat pack filmproduktion
3878,untravelled worlds
3879,chaocorp développement
3880,mandarin motion pictures
3881,bruno wang productions
3882,jon peters/bill gerber/joint effort production
3883,egoli tossell films
3884,gotham group
3885,fuego films
3886,broken lizard productions
3887,prospero pictures
3888,showmax
3889,incentive filmed entertainment
3890,boss media
3891,initial entertainment group
3892,artina films
3893,opus film
3894,scholastic entertainment inc.
3895,nasa
3896,diamond film productions
3897,cross creek pictures
3898,goldmann pictures
3899,emjag
3900,alliance atlantis communications
3901,sight unseen pictures
3902,agarrate del barandal
3903,p&#39;artisan filmproduktion gmbh [de]
3904,beijing ruyi xinxin film investment
3905,tpw films
3906,cloudy
3907,terra incognita films
3908,taft entertainment
3909,rt features
3910,studio 8
3911,sneak preview entertainment
3912,chartoff-winkler productions
3913,spychimp productions
3914,studio colorido co.
3915,the bureau
3916,working title
3917,preferred content
3918,sjc studios
3919,horipro
3920,dog eat dog productions
3921,heavy metal
3922,oddfellows entertainment
3923,dna pictures international
3924,electric shepherd
3925,make movies
3926,sean s. cunningham films
3927,uk film council
3928,poisson rouge pictures
3929,eaves movie ranch
3930,lynda obst productions
3931,pony canyon
3932,filmgate films
3933,mandarin films
3934,forbidden films
3935,beijing silver moon productions
3936,charles b. wessler entertainment
3937,smokehouse
3938,ulrich seidl film produktion gmbh
3939,brownstown
3940,watermelon pictures co.
3941,lakeshore entertainment
3942,jigsaw prods.
3943,leo films
3944,star cinemas
3945,mk2 sa
3946,clifford werber productions
3947,exclusive media group
3948,ciné+
3949,rizoma films
3950,20th century fox animation
3951,apparatus
3952,sogotel
3953,skydance media
3954,terra mater factual studios
3955,columbia records
3956,fort garry films
3957,indiana production company
3958,the vladar company
3959,aubin pictures
3960,les films d&#39;ici
3961,constellation
3962,hyde park entertainment
3963,paramount pictures
3964,lunanime
3965,daybreak pictures
3966,faliro house
3967,unity pictures group
3968,m6
3969,smoke house
3970,on the day
3971,pierrot
3972,mili pictures
3973,distant horizon
