TagID,TagName
1,independent comedies
2,family comedies
3,thai movies
4,anime based on books
5,police thrillers
6,tv action & adventure
7,talk shows
8,cult horror movies
9,japanese tv documentaries
10,international reality
11,tv documentaries
12,malayalam-language films
13,critically-acclaimed canadian films
14,kids faith & spirituality
15,action
16,french comedies
17,tamil-language movies
18,taiwanese tv shows
19,lgbtq tv programmes
20,business documentaries
21,international thrillers
22,theater arts
23,romance anime
24,african films
25,dark comedies
26,experimental films
27,nordic comedies
28,romantic foreign movies
29,critically-acclaimed independent movies
30,action & adventure
31,japanese period dramas
32,anime
33,british films
34,historical tv shows
35,films based on childrens books
36,korean tv shows
37,sci-fi & fantasy anime
38,award-winning movies
39,ラブロマンス
40,heist action & adventure
41,filipino movies
42,youth drama movies
43,us thrillers
44,food & wine
45,family feature animation
46,spanish tv programmes
47,anime sci-fi films
48,polish movies
49,tv mysteries
50,british action & adventure
51,greek movies
52,tv variety & chat shows
53,tv dramedies
54,korean tv programmes
55,family features
56,educación y orientación
57,anime sci-fi & fantasy
58,turkish comedies
59,lgbtq comedies
60,documentaries
61,international tv comedies
62,anime action
63,crime action
64,critically acclaimed movies
65,goya award-winning movies
66,wacky comedies
67,raunchy comedies
68,independent movies
69,teen tv shows
70,dutch tv shows
71,spanish-language tv shows
72,anime features
73,tv dramas based on comics
74,wine & beverage appreciation
75,critically-acclaimed canadian movies
76,nollywood movies
77,thrillers
78,latin american tv programmes
79,japanese tv sci-fi & fantasy
80,korean sci-fi & fantasy
81,chilling horror films
82,psychological thrillers
83,indonesian movies
84,chinese  programmes
85,scandinavian crime movies
86,korean tv shows based on books
87,indian tv shows
88,movies based on real life
89,horror comedy
90,national film award-winning movies
91,medical tv dramas
92,art house films
93,korean tv comedies
94,japanese criminal investigation movies
95,chinese tv series
96,scandinavian tv
97,investigative reality tv
98,kids anime
99,latin american comedies
100,critically-acclaimed documentaries
101,mystery programmes
102,classic romantic movies
103,spanish horror movies
104,dutch comedies
105,crime movies based on real life
106,shounen anime
107,asian programmes
108,steamy dramas
109,bollywood films
110,pakistani films
111,comic book and superhero movies
112,political comedies
113,japanese academy award-winning movies
114,family dramas
115,korean films
116,japanese thrillers
117,british thrillers
118,polish thrillers
119,scandinavian thrillers
120,israeli films
121,nordic crime movies
122,comedias de culto
123,turkish films
124,thai tv shows
125,dramas based on a book
126,dutch films
127,baeksang arts awards winners
128,turkish movies
129,japanese documentary movies
130,police action & adventure
131,romantic favorites
132,swedish tv programmes
133,tv animated comedies
134,kids tv for ages 8 to 10
135,italian movies
136,documentary programmes
137,sci-fi adventure
138,romantic tv programmes
139,blockbuster movies
140,anime based on comics
141,faith & spirituality
142,indian dramas
143,海外ラブロマンス
144,crime thrillers
145,romantic british movies
146,tv thrillers
147,critically-acclaimed action & adventure
148,football films
149,british
150,spanish tv shows
151,adult animation
152,danish comedies
153,italian tv shows
154,danish movies
155,polish comedies
156,goofy comedies
157,teen tv programmes
158,blockbuster sci-fi & fantasy
159,comic book & superhero tv
160,lgbtq films
161,argentinian films
162,slasher & serial killer movies
163,docuseries
164,baseball movies
165,kids&#39; anime
166,hong kong movies
167,venice film festival award-winning movies
168,music and concert movies
169,films for ages 0 to 2
170,mexican tv programmes
171,tv sci-fi & fantasy
172,silent films
173,french thrillers
174,french dramas
175,satires
176,classic children & family movies
177,anime based on light novels
178,k-dramas based on webtoon
179,military & war movies
180,superheroes
181,japanese tv reality & variety
182,family adventures
183,classic war films
184,stand-up comedy
185,political thrillers
186,us tv shows
187,middle eastern tv shows
188,japanese youth tv dramas
189,dutch children & family movies
190,nan
191,chinese action & adventure
192,latino stand-up comedy
193,european thrillers
194,20th-century period pieces
195,movies for ages 8 to 10
196,deep sea horror films
197,indian films
198,music
199,sci-fi anime
200,indian movies
201,irreverent stand-up comedy
202,romantic films based on a book
203,german tv programmes
204,anime comedies
205,american programmes
206,film noir
207,brazilian documentaries
208,japanese horror films
209,rock & pop concerts
210,historical dramas
211,marathi-language movies
212,egyptian movies
213,japanese sci-fi & fantasy
214,stand-up & chat shows
215,海外コメディ
216,spoofs & satires
217,hindi-language movies
218,swedish tv shows
219,independent thrillers
220,comedy programmes
221,korean thrillers
222,horror films
223,french tv programmes
224,filipino tv shows
225,variety entertainment
226,gay & lesbian documentaries
227,crime action & adventure
228,teen dramas
229,cannes film festival award-winning movies
230,polish tv programmes
231,fantasy
232,steamy romantic movies
233,critically-acclaimed comedies
234,canadian movies
235,historical documentaries
236,education for kids
237,martial arts anime
238,sports tv programmes
239,romantic anime
240,sci-fi
241,romantic french films
242,spanish films
243,horror movies
244,anime released in 2017
245,biographical documentaries
246,supernatural horror movies
247,thai horror movies
248,chinese dramas
249,indian thrillers
250,campy movies
251,travel & adventure documentaries
252,talk & variety shows
253,canadian dramas
254,spy thrillers
255,lgbtq tv shows
256,latin american films
257,us tv documentaries
258,tv programmes based on manga
259,chilean movies & tv
260,mystery & thriller anime
261,shoujo anime
262,supernatural thrillers
263,international kids tv
264,irish tv programmes
265,international military movies
266,norwegian thrillers
267,romantic british films
268,country & western/folk
269,canadian independent films
270,urdu films
271,turkish dramas
272,sports & fitness
273,animated movies
274,golden globe award-winning movies
275,cannes film festival winners
276,slasher and serial killer films
277,korean dramas
278,norwegian films
279,romantic lgbtq films
280,gory horror movies
281,preisgekrönte filme
282,gay & lesbian dramas
283,international tv sci-fi & fantasy
284,quirky romance
285,british horror films
286,steamy thrillers
287,cyberpunk
288,romantic independent films
289,drama programmes
290,films based on real life
291,japanese tv programmes
292,variety & talk shows
293,international comedies
294,brazilian movies
295,asian tv shows
296,russian tv programmes
297,sports dramas
298,internationale filme
299,social & cultural documentaries
300,italian thrillers
301,k-dramas
302,spanish
303,thai tv programmes
304,police movies
305,romantic japanese movies
306,swedish movies
307,monster films
308,argentinian comedies
309,nollywood films
310,crime tv programmes
311,tokusatsu heroes
312,classic horror films
313,asian action films
314,political dramas
315,children & family films
316,dutch movies
317,romantic swedish movies
318,british comedies
319,school anime
320,latin american music & musicals
321,romantic french movies
322,cult films
323,political tv documentaries
324,late night comedies
325,fantasy anime
326,sports documentaries
327,romantic tv comedies
328,comedy anime
329,telugu-language films
330,animation
331,international horror movies
332,nordic thrillers
333,dramas based on contemporary literature
334,australian dramas
335,norwegian movies
336,teen films
337,tv dramas
338,classic thrillers
339,singaporean programmes
340,british movies
341,polish tv shows
342,military & war anime
343,youth movies
344,owarai & variety shows
345,silent movies
346,military & war action & adventure
347,russian
348,european movies
349,award-winning tv shows
350,kids tv for ages 11 to 12
351,oscar-winning films
352,romantic comedies
353,chinese tv shows
354,romantic films
355,festive favourites
356,scandinavian independent movies
357,gay & lesbian movies
358,malaysian movies
359,italian comedies
360,kids music
361,historical tv programmes
362,variety tv
363,family cozy time
364,politically incorrect stand-up comedy
365,romantic dutch movies
366,japanese movies based on comics
367,british tv sketch comedies
368,gay & lesbian comedies
369,classic children & family films
370,historical anime
371,german films
372,futuristic sci-fi
373,romantic youth drama
374,argentinian dramas
375,westerns
376,british miniseries
377,brazilian tv programmes
378,bafta award-winning films
379,romantic movies
380,tv horror
381,polish films
382,rap & hip-hop
383,wwii movies
384,thriller anime
385,sci-fi dramas
386,singaporean tv shows
387,mysteries
388,slice of life anime
389,critically-acclaimed films
390,scandinavian comedies
391,historias de animales
392,australian movies
393,crime tv soaps
394,dance non-fiction
395,turkish tv shows
396,french movies
397,japanese gourmet tv shows
398,romantic turkish movies
399,brazilian music & musicals
400,horror comedies
401,canadian films
402,french
403,classic tv programmes
404,family animation
405,the beautiful game
406,canadian documentaries
407,romantic comedy anime
408,faith & spirituality films
409,preisgekrönte dramen
410,kannada movies & tv
411,foreign comedies
412,pop
413,international tv thrillers & mysteries
414,british dramas
415,lifestyle
416,steamy romantic films
417,football movies
418,children & family movies
419,modern classics
420,israeli movies
421,israeli tv shows
422,movies for ages 0 to 2
423,anime for gamers
424,classic british films
425,foreign action & adventure
426,international sci-fi & fantasy
427,dramas militares
428,international historical tv dramas
429,belgian movies
430,independent films
431,classic romantic films
432,thrillers based on a book
433,japanese tv shows based on comics
434,polish action & adventure
435,korean movies
436,time travel sci-fi & fantasy
437,movies for ages 5 to 7
438,true crime documentaries
439,nollywood
440,berlin international film festival award-winning movies
441,retro anime
442,british tv comedies
443,hungarian movies
444,thai films
445,taiwanese movies
446,critically acclaimed dramas
447,german comedies
448,finnish tv shows
449,tv comedy dramas
450,norwegian comedies
451,classic westerns
452,the most powerful anime characters
453,family watch together tv
454,foreign thrillers
455,norwegian crime movies
456,swedish dramas
457,action sci-fi & fantasy
458,korean horror movies
459,jazz & easy listening
460,critically-acclaimed independent films
461,religious documentaries
462,crime films
463,spanish thrillers
464,romantic tv shows
465,werewolf horror movies
466,historical movies
467,thai horror films
468,scandinavian crime films
469,swedish films
470,comedias adolescentes
471,sitcoms
472,psychological horror films
473,special interest
474,tv cartoons
475,heist movies
476,music & concert documentaries
477,japanese tv thrillers
478,us police tv shows
479,period pieces based on books
480,anime sci-fi
481,british tv mysteries
482,crime films based on real life
483,european dramas
484,little kids
485,romantic international tv shows
486,british period pieces
487,brazilian tv shows
488,gangster action & adventure
489,dramas based on real life
490,latin american documentaries
491,baseball films
492,romantic favourites
493,french tv shows
494,marathi-language films
495,classic japanese movies
496,critically-acclaimed dramas
497,nordic children & family movies
498,visually-striking sci-fi & fantasy
499,british programmes
500,romantic chinese tv shows
501,south african movies
502,crime comedies
503,anime series
504,barne-tv
505,modern classic movies
506,tearjerkers
507,independent action & adventure
508,colombian tv shows
509,classic musicals
510,movies for ages 2 to 4
511,horror anime
512,oscar-winning movies
513,middle-eastern films
514,latin american dramas
515,female stand-up comedy
516,international lgbtq movies
517,mecha & cyborg anime
518,romantic japanese tv shows
519,romance programmes
520,latin music
521,crime tv shows
522,movies based on childrens books
523,korean comedies
524,french documentaries
525,us movies
526,films for ages 5 to 7
527,thriller movies
528,urdu-language movies
529,kids&#39; tv
530,hong kong films
531,movies based on books
532,sports comedies
533,kids tv
534,canadian comedies
535,psychological horror movies
536,italian films
537,taiwanese tv programmes
538,asian movies
539,courtroom dramas
540,award-winning films
541,danish films
542,russian movies
543,海外ヒューマンドラマ
544,colombian tv programmes
545,cyborg & robot anime
546,political documentaries
547,romantic korean movies
548,chilean films & tv
549,chilean tv shows
550,british horror movies
551,thai dramas
552,japanese tv comedies
553,vampire movies
554,adventures
555,dance
556,east asian movies
557,romantic movies based on books
558,us horror movies
559,b-horror films
560,thriller programmes
561,art house movies
562,romantic tv dramas
563,basketball movies
564,romantic tv soaps
565,home & garden reality tv
566,police mysteries
567,crime tv dramas
568,ominous thrillers
569,science & nature tv
570,anime feature films
571,mind game thrillers
572,argentinian movies
573,australian tv programmes
574,hard rock & heavy metal
575,mexican tv shows
576,blockbuster action
577,drama anime
578,anime fantasy
579,concerts
580,music and concert films
581,ロマンチックなヒューマンドラマ
582,disney films
583,korean programmes
584,dutch dramas
585,korean tv thrillers & mysteries
586,us action
587,middle eastern movies
588,vampire horror movies
589,romantic gay & lesbian films
590,classical music
591,japanese youth dramas
592,vietnamese films
593,ambientadas en otra época
594,sci-fi & fantasy programmes
595,tv programmes
596,competition reality tv
597,disney musicals
598,kids’ programmes
599,israeli tv dramas
600,singaporean movies
601,international tv action & adventure
602,blue dragon film award-winning movies
603,makeover reality tv
604,classic comedies
605,wwii films
606,international dramas
607,courtroom tv dramas
608,halloween favourites
609,films based on books
610,korean drama movies
611,african-american comedies
612,classic war movies
613,comedies
614,pakistani movies
615,military dramas
616,south african tv shows
617,inspirational music
618,mexican music & musicals
619,classic movies
620,blue-collar stand-up comedy
621,mexican movies
622,tv para niños
623,dramas románticos
624,spanish horror films
625,cult tv programmes
626,musicals
627,sports films
628,heist films
629,comic book and superhero films
630,malayalam-language movies
631,absurd comedies
632,dramas based on classic literature
633,military tv programmes
634,irish movies
635,scandinavian films
636,films for ages 11 to 12
637,us sci-fi adventure
638,australian films
639,romantic lgbtq movies
640,cult horror films
641,spanish comedies
642,independent dramas
643,punjabi-language films
644,japanese gangster movies
645,fantasy tv shows
646,monster movies
647,crime programmes
648,nature & ecology tv documentaries
649,romanian movies
650,mexican comedies
651,science & technology tv documentaries
652,disney
653,martial arts movies
654,werewolf horror films
655,creature features
656,action movies
657,dramas basados en la vida real
658,british tv shows
659,police dramas
660,romantic mexican films
661,latin american tv shows
662,new zealand films
663,sports anime
664,teen sci-fi
665,international tv shows
666,tv soaps featuring a strong female lead
667,talk shows & stand-up comedy
668,chilean films
669,ヒューマンドラマ
670,japanese movies
671,new zealand tv shows
672,romantic european movies
673,japanese programmes
674,chinese films
675,dramen
676,romances de siempre
677,romantic foreign films
678,golden globe award-winning films
679,コメディ
680,horror programmes
681,romantic danish movies
682,international films
683,british tv programmes
684,german documentaries
685,tv shows based on books
686,comedias románticas
687,japanese tv series
688,thai thrillers
689,acción y aventuras
690,african-american stand-up comedy
691,brazilian comedies
692,korean tv dramas
693,social issue dramas
694,military & war dramas
695,romantic tearjerkers
696,spiritual documentaries
697,boxing films
698,showbiz dramas
699,home & garden tv shows
700,romantic independent movies
701,hip-hop
702,b-horror movies
703,critically-acclaimed movies
704,soccer movies
705,critically acclaimed films
706,tv variety & talk shows
707,biographical dramas
708,argentinian tv shows
709,science & nature docs
710,teen movies
711,czech movies
712,british tv dramas
713,hollywood movies
714,latin american police tv shows
715,romantic italian movies
716,indian comedies
717,tv soaps
718,international movies
719,sports tv shows
720,romantic indian movies
721,showbiz documentaries
722,scary halloween favourites
723,international documentaries
724,classic international movies
725,japanese tv films
726,us tv dramas
727,korean tv programmes based on webtoon
728,world music concerts
729,japanese dramas
730,science & technology documentaries
731,showbiz musicals
732,teen romance
733,nordic tv shows
734,travel & adventure reality tv
735,anime released in 2018
736,malaysian films
737,anime movies
738,german tv shows
739,indian musicals
740,海外映画
741,tv comedies
742,reggae
743,seinen anime
744,irish films
745,kids tv for ages 5 to 7
746,german crime movies
747,international period pieces
748,reality programmes
749,military action & adventure
750,sci-fi thrillers
751,food & travel tv
752,blockbuster action & adventure
753,anime horror films
754,british crime movies
755,social & cultural docs
756,lgbtq movies
757,crime dramas
758,kids&#39; music
759,reality
760,classic action & adventure
761,zombie horror movies
762,crime documentaries
763,urban & dance concerts
764,tv teen dramas
765,little kids tv
766,danish tv shows
767,peruvian movies
768,teen programmes
769,european tv shows
770,movies for ages 3 to 4
771,action & adventure programmes
772,lgbtq documentaries
773,thrillers based on books
774,tv shows
775,biographical movies
776,military documentaries
777,fantasy tv programmes
778,thai action & adventure
779,telugu-language movies
780,japanese tv shows
781,20th century period pieces
782,social issue tv dramas
783,crime tv documentaries
784,sports movies
785,ロマンチックコメディ
786,african movies
787,films for ages 2 to 4
788,scandinavian dramas
789,police tv shows
790,science & nature documentaries
791,international action & adventure
792,kids tv for ages 2 to 4
793,nordic dramas
794,russian tv shows
795,films for ages 8 to 10
796,acción y aventuras militares
797,berlin film festival award-winning movies
798,rockumentaries
799,blockbuster comedies
800,boxing movies
801,kids tv for ages 0 to 2
802,japanese kids&#39; tv
803,anime based on a video game
804,stage musicals
805,alien sci-fi
806,spy action & adventure
807,fantasy movies
808,teen tv dramas
809,japanese horror movies
810,youth drama
811,german dramas
812,italian tv programmes
813,vampire horror films
814,dramas
815,punjabi-language movies
816,anime action films
817,period pieces
818,soccer non-fiction
819,cult sci-fi & fantasy
820,education & guidance
821,chilling horror movies
822,romantic nordic movies
823,mexican dramas
824,mainland chinese tv shows
825,gay & lesbian films
826,satanic stories
827,tv shows based on comics
828,romantic dramas
829,crime docuseries
830,spanish dramas
831,critically-acclaimed sci-fi & fantasy
832,classic sci-fi & fantasy
833,british crime films
834,european comedies
835,malaysian tv shows
836,norwegian dramas
837,tv programmes based on books
838,academy award-winning films
839,screwball comedies
840,korean reality
841,boxing & wrestling
842,mockumentaries
843,swedish comedies
844,sci-fi horror movies
845,tv sketch comedies
846,wedding & romance reality tv
847,camp films
848,talking-animal kids tv
849,comedy blockbusters
850,buddy comedies
851,japanese films
852,south african films
853,mainland chinese movies
854,world music
855,thai comedies
856,international animation
857,indian programmes
858,sci-fi & fantasy
859,deep sea horror movies
860,anime fantasies
861,irish tv shows
862,crime movies
863,action anime
864,italian dramas
865,urban & dance
866,critically acclaimed comedies
867,australian documentaries
868,tamil-language films
869,latin american movies
870,teen screams
871,colombian movies
872,hindi-language tv programmes
873,holiday favorites
874,korean tv shows based on comics
875,nature & ecology documentaries
876,documentary films
877,reality tv
878,classic films
879,bengali-language films
880,movies for ages 11 to 12
881,chinese movies
882,norwegian tv
883,slasher and serial killer movies
884,austrian movies
885,chinese comedies
886,dibujos animados
887,german movies
888,polish dramas
889,southeast asian movies
890,dramas políticos
891,french films
892,egyptian tv shows
893,supernatural horror films
894,anime dramas
895,african-american dramas
896,anime released in 2016
897,asian action movies
898,australian comedies
899,tv shows based on manga
900,zombie horror films
901,dramas based on books
902,gory horror films
903,award-winning dramas
904,bollywood movies
905,romantic italian films
906,action comedies
907,miniseries
908,malaysian programmes
909,indonesian films
910,cult comedies
911,japanese comedies
912,action thrillers
913,police detective movies
914,basketball films
915,martial arts films
916,dramas biográficos
917,eastern european movies
918,romantic international movies
919,canadian tv programmes
920,japanese kids tv
921,slapstick comedies
922,us tv comedies
923,lgbtq dramas
924,tear-jerking romantic movies
925,us tv programmes
926,canadian tv shows
927,bengali-language movies
928,music & musicals
929,international tv dramas
930,finnish movies
931,classic dramas
932,cult movies
933,international programmes
934,political tv programmes
935,sci-fi horror films
936,tegnefilmserier
937,comedias
938,swiss movies
939,nordic action & adventure
940,scandinavian movies
941,filmfare award-winning movies
942,tv-serier
943,korean action & adventure
944,spanish movies
945,gangster films
946,teen comedies
947,vietnamese movies
948,danish dramas
949,family sci-fi & fantasy
950,romantic fantasy tv
951,sci-fi tv
952,rock & pop
953,eastern european films
954,experimental movies
955,danish crime movies
956,blockbuster western movies
957,romantic japanese films
958,hindi-language tv shows
959,disney movies
960,political tv shows
961,nordic movies
962,faith & spirituality movies
963,brazilian dramas
964,stand-up comedy & talk shows
965,japanese action & adventure
966,belgian films
967,chilean movies
968,hindi-language films
969,middle eastern tv programmes
970,australian tv shows
971,romantic korean tv shows
972,latino comedies
973,mexican films
974,películas románticas
975,programas de tv y series
976,martial arts
977,vampire films
978,theatre arts
979,thriller & horror anime
980,brazilian films
981,gangster movies
982,brazilian music and concert movies
983,animal tales
984,laugh-out-loud comedies
985,steamy romance
986,japanese tv dramas
987,filipino films
988,scandinavian tv shows
989,epics
